molecule_chembl_id,canonical_smiles,standard_value
MB1,O=C(C1=CC=CC=C1OC)/C=C/C2=NC=CC=C2,2000
MB2,O=C(C1=CC=CC=C1OC)/C=C/C2=CC=CN=C2,17380
MB3,O=C(C1=CC=CC(OC)=C1)/C=C/C2=CC=CN=C2,4090
MB4,O=C(C1=CC=C(OC)C=C1)/C=C/C2=NC=CC=C2,18640
MB5,O=C(C1=CC=C(OC)C=C1)/C=C/C2=CC=CN=C2,4470
MB6,O=C(C1=CC=C(OC)C=C1)/C=C/C2=CC=NC=C2,4630
MB7,OC1=CC(OC)=CC(OC)=C1C(/C=C/C2=CC=C(OCC3=CN(C4=CC=C(F)C=C4Cl)N=N3)C(OC)=C2)=O,11610
MB8,OC1=CC(OC)=CC(OC)=C1C(/C=C/C2=CC=C(OCC3=CN(C4=CC=C(F)C(Cl)=C4)N=N3)C(OC)=C2)=O,5070
MB9,OC1=CC(OC)=CC(OC)=C1C(/C=C/C2=CC=C(OCC3=CN(C4=CC=C(F)C=C4F)N=N3)C(OC)=C2)=O,6300
MB10,OC1=CC(OC)=CC(OC)=C1C(/C=C/C2=CC=C(OCC3=CN(C4=CC=CC=C4Cl)N=N3)C(OC)=C2)=O,12980
MB11,OC1=CC(OC)=CC(OC)=C1C(/C=C/C2=CC=C(OCC3=CN(C4=CC=C(Cl)C=C4)N=N3)C(OC)=C2)=O,9730
MB12,OC1=CC(OC)=CC(OC)=C1C(/C=C/C2=CC=C(OC)C(OCC3=CN(C4=CC=C(F)C=C4Cl)N=N3)=C2)=O,9110
MB13,OC1=CC(OC)=CC(OC)=C1C(/C=C/C2=CC=C(OC)C(OCC3=CN(C4=CC=C(F)C(Cl)=C4)N=N3)=C2)=O,13920
MB14,OC1=CC(OC)=CC(OC)=C1C(/C=C/C2=CC=C(OC)C(OCC3=CN(C4=CC=C(F)C=C4F)N=N3)=C2)=O,18220
MB15,OC1=CC(OC)=CC(OC)=C1C(/C=C/C2=CC=C(OC)C(OCC3=CN(C4=CC=CC=C4Cl)N=N3)=C2)=O,15380
MB16,OC1=CC(OC)=CC(OC)=C1C(/C=C/C2=CC=C(OC)C(OCC3=CN(C4=CC=C(Cl)C=C4)N=N3)=C2)=O,21110
MB17,OC1=CC(OC)=CC(OC)=C1C(/C=C/C2=CC=C(OCC3=CN(C4=CC=C(F)C=C4Cl)N=N3)C(OCC5=CN(C6=C(Cl)C=C(F)C=C6)N=N5)=C2)=O,11620
MB18,OC1=CC(OC)=CC(OC)=C1C(/C=C/C2=CC=C(OCC3=CN(C4=CC=C(F)C(Cl)=C4)N=N3)C(OCC5=CN(C6=CC(Cl)=C(F)C=C6)N=N5)=C2)=O,14770
MB19,OC1=CC(OC)=CC(OC)=C1C(/C=C/C2=CC=C(OCC3=CN(C4=CC=C(F)C=C4F)N=N3)C(OCC5=CN(C6=C(F)C=C(F)C=C6)N=N5)=C2)=O,12600
MB20,OC1=CC(OC)=CC(OC)=C1C(/C=C/C2=CC=C(OCC3=CN(C4=CC=CC=C4Cl)N=N3)C(OCC5=CN(C6=C(Cl)C=CC=C6)N=N5)=C2)=O,11970
MB21,OC1=CC(OC)=CC(OC)=C1C(/C=C/C2=CC=C(OCC3=CN(C4=CC=C(Cl)C=C4)N=N3)C(OCC5=CN(C6=CC=C(Cl)C=C6)N=N5)=C2)=O,18240
MB22,O=C(C1=CC=C(C)O1)/C=C/C2=CC=C(C(O)=O)C=C2,18400
MB23,O=C(NCCNC1=CC=NC2=CC(Cl)=CC=C12)C3=CC=C(/C=C/C(C4=CC=C(C)O4)=O)C=C3,110
MB24,O=C(NCCCNC1=CC=NC2=CC(Cl)=CC=C12)C3=CC=C(/C=C/C(C4=CC=C(C)O4)=O)C=C3,70
MB25,O=C(NCCCCNC1=CC=NC2=CC(Cl)=CC=C12)C3=CC=C(/C=C/C(C4=CC=C(C)O4)=O)C=C3,50
MB26,O=C(NC(C)CNC1=CC=NC2=CC(Cl)=CC=C12)C3=CC=C(/C=C/C(C4=CC=C(C)O4)=O)C=C3,80
MB27,O=C(NCCCCCCNC1=CC=NC2=CC(Cl)=CC=C12)C3=CC=C(/C=C/C(C4=CC=C(C)O4)=O)C=C3,50
MB28,O=C(N(CCCNC1=CC=NC2=CC(Cl)=CC=C12)C)C3=CC=C(/C=C/C(C4=CC=C(C)O4)=O)C=C3,370
MB29,O=C(NCCOCCOCCNC1=CC=NC2=CC(Cl)=CC=C12)C3=CC=C(/C=C/C(C4=CC=C(C)O4)=O)C=C3,260
MB30,O=C(NCCCN(CCCNC1=CC=NC2=CC(Cl)=CC=C12)C)C3=CC=C(/C=C/C(C4=CC=C(C)O4)=O)C=C3,90
MB31,O=C(C1=CC=C(C)O1)/C=C/C2=CC=C(C(N3CCN(C4=CC=NC5=CC(Cl)=CC=C45)CC3)=O)C=C2,540
MB32,O=C(/C=C/C1=CC=C(Cl)C=C1)C2=CC=C(N3C=CC=C3)C=C2,9500
MB33,O=C(/C=C/C1=CC=C(Cl)C=C1)C2=CC=C(N3C(C=CC=C4)=C4N=N3)C=C2,7000
MB34,O=C(/C=C/C1=CC=C(Cl)C=C1)C2=CC=C(N3C=NC=N3)C=C2,4900
MB35,O=C(C1=C(Cl)SC(Cl)=C1)/C=C/C2=CC=C(OCC3=CC=CC=C3)C(OC)=C2,20030
MB36,O=C(C1=C(Cl)SC(Cl)=C1)/C=C/C2=CC=C(OC)C(OCC3=CC=CC=C3)=C2,12400
MB37,O=C(C1=CC=CO1)/C=C/C2=CC=C(OCC3=CC=CC=C3)C(OC)=C2,66390
MB38,O=C(C1=CC=CO1)/C=C/C2=CC=C(OC)C(OCC3=CC=CC=C3)=C2,42160
MB39,O=C(/C=C/C1=C(Cl)C=C(Cl)C=C1)C2=C(OC)C(OC)=C(OC)C=C2,5400
MB40,O=C(/C=C/C1=CC=C(N(C)C)C=C1)C2=C(OC)C(OC)=C(OC)C=C2,18000
MB41,O=C(/C=C/C1=CC=C(C(F)(F)F)C=C1)C2=C(OC)C(OC)=C(OC)C=C2,3000
MB42,O=C(/C=C/C1=C(OC)C=C(OC)C=C1)C2=C(OC)C(OC)=C(OC)C=C2,16500
MB43,O=C(/C=C/C1=CC=C(C)C=C1)C2=C(OC)C(OC)=C(OC)C=C2,25600
MB44,O=C(/C=C/C1=CC=C(CC)C=C1)C2=C(OC)C(OC)=C(OC)C=C2,16500
MB45,O=C(/C=C/C1=CC(C2=NC(C=CC=C3)=C3C=C2)=CC=C1)C4=C(OC)C(OC)=C(OC)C=C4,2000
MB46,O=C(/C=C/C1=CC=C(C2=CC=C(C=CC=C3)C3=N2)C=C1)C4=C(OC)C(OC)=C(OC)C=C4,60000
MB47,O=C(/C=C/C1=CC=C(OC)C=C1)C2=C(OC)C(OC)=C(OC)C=C2,25000
MB48,O=C(/C=C/C1=CC=C(F)C=C1)C2=C(OC)C(OC)=C(OC)C=C2,9500
MB49,O=C(/C=C/C1=CC=C(C2=CC=CC=C2)C=C1)C3=C(OC)C(OC)=C(OC)C=C3,26200
MB50,O=C(/C=C/C1=C(F)C=C(F)C=C1)C2=C(OC)C(OC)=C(OC)C=C2,18500
MB51,O=C(/C=C/C1=CC=C([N+]([O-])=O)C=C1)C2=C(OC)C(OC)=C(OC)C=C2,22500
MB52,O=C(/C=C/C1=CC(Cl)=C(Cl)C=C1)C2=C(OC)C(OC)=C(OC)C=C2,14500
MB53,O=C(/C=C/C1=CC=C(Cl)C=C1)C2=C(OC)C(OC)=C(OC)C=C2,14500
MB54,O=C(/C=C/C1=C(Cl)C=CC=C1)C2=C(OC)C(OC)=C(OC)C=C2,41500
MB55,O=C(/C=C/C1=CC(Cl)=CC=C1)C2=C(OC)C(OC)=C(OC)C=C2,24400
MB56,O=C(/C=C/C1=CC=CC=C1)C2=C(OC)C(OC)=C(OC)C=C2,15800
MB57,O=C(/C=C/C1=C(OC)C=C(OC)C=C1)C2=CC=C(OCCCC)C=C2,108000
MB58,O=C(/C=C/C1=C(Cl)C=C(Cl)C=C1)C2=C(OC)C=C(OC)C=C2,18800
MB59,O=C(/C=C/C1=CC=C(C(F)(F)F)C=C1)C2=C(OC)C=C(OC)C=C2,5900
MB60,O=C(/C=C/C1=C(F)C=C(F)C=C1)C2=C(OC)C=C(OC)C=C2,6200
MB61,O=C(/C=C/C1=C(OC)C=C(OC)C=C1)C2=C(OC)C=C(OC)C=C2,2100
MB62,O=C(/C=C/C1=CC=C([N+]([O-])=O)C=C1)C2=C(OC)C=C(OC)C=C2,415000
MB63,O=C(C1=CC=C(C=C1)OC)/C=C/C2=CC=C(C=C2)N(C)C,70000
MB64,O=C(C1=CC=C(C=C1)OC)/C=C/C2=CC=C(C=C2)C#N,94500
MB65,O=C(C1=CC=C(C=C1)OC)/C=C/C2=CC=CC=C2,55500
MB66,O=C(/C=C/C1=CC=C(CC)C=C1)C2=C(OC)C=C(OC)C=C2,2400
MB67,O=C(/C=C/C1=CC(C2=NC(C=CC=C3)=C3C=C2)=CC=C1)C4=C(OC)C=C(OC)C=C4,2200
MB68,O=C(/C=C/C1=CC=C(C2=CC=C(C=CC=C3)C3=N2)C=C1)C4=C(OC)C=C(OC)C=C4,27000
MB69,O=C(C1=C(C=C(C=C1)OC)OC)/C=C/C2=CC=C(C=C2)C,93800
MB70,O=C(C1=C(C=C(C=C1)OC)OC)/C=C/C2=CC=C(C=C2)OC,128500
MB71,O=C(C1=C(C=C(C=C1)OC)OC)/C=C/C2=CC=C(C=C2)N(C)C,55300
MB72,O=C(C1=C(C=C(C=C1)OC)OC)/C=C/C2=CC=C(F)C=C2,322000
MB73,O=C(C1=C(C=C(C=C1)OC)OC)/C=C/C2=CC=C(Cl)C=C2,342000
MB74,O=C(C1=C(C=C(C=C1)OC)OC)/C=C/C2=CC=C(Br)C=C2,542500
MB75,O=C(C1=C(C=C(C=C1)OC)OC)/C=C/C2=CC=C(F)C=C2Cl,600000
MB76,O=C(C1=C(C=C(C=C1)OC)OC)/C=C/C2=CC=C(Cl)C(Cl)=C2,297500
MB77,O=C(C1=C(C=C(C=C1)OC)OC)/C=C/C2=CC=CC3=C2C=CC=C3,320000
MB78,O=C(C1=CC=C(C=C1)OC)/C=C/C2=CC=C(O)C=C2,7000
MB79,O=C(C1=CC=C(C=C1)OC)/C=C/C2=CC=C(F)C=C2F,26800
MB80,O=C(/C=C/C1=CC=C(C=C1)OC)C2=CC=C(OC)C=C2,21700
MB81,O=C(/C=C/C1=CC(C2=NC(C=CC=C3)=C3C=C2)=CC=C1)C4=CC=C(OC)C=C4,4800
MB82,O=C(/C=C/C1=CC=C(C2=NC(C=CC=C3)=C3C=C2)C=C1)C4=CC=C(OC)C=C4,43000
MB83,O=C(/C=C/C1=CC=C(F)C=C1)C2=CC=C(OC)C=C2,14400
MB84,O=C(/C=C/C1=C(Cl)C=C(Cl)C=C1)C2=CC=C(OC)C=C2,16000
MB85,O=C(/C=C/C1=CC=C(C(F)(F)F)C=C1)C2=CC=C(OC)C=C2,19000
MB86,O=C(/C=C/C1=C(OC)C=C(OC)C=C1)C2=CC=C(OC)C=C2,6400
MB87,O=C(/C=C/C1=CC=C(C)C=C1)C2=CC=C(OC)C=C2,70000
MB88,O=C(/C=C/C1=CC=C([N+]([O-])=O)C=C1)C2=CC=C(OC)C=C2,100000
MB89,O=C(/C=C/C1=C(F)C=C(F)C=C1)C2=CC=C(OCC)C=C2,28100
MB90,O=C(/C=C/C1=CC=C(OC)C=C1)C2=CC=C(OCC)C=C2,33000
MB91,O=C(/C=C/C1=CC(C2=NC(C=CC=C3)=C3C=C2)=CC=C1)C4=CC=C(OCC)C=C4,24900
MB92,O=C(/C=C/C1=CC=C(C2=NC(C=CC=C3)=C3C=C2)C=C1)C4=CC=C(OCC)C=C4,100000
MB93,O=C(/C=C/C1=CC=C(F)C=C1)C2=CC=C(OCC)C=C2,24100
MB94,O=C(/C=C/C1=C(Cl)C=C(Cl)C=C1)C2=CC=C(OCC)C=C2,96000
MB95,O=C(/C=C/C1=CC=C(C(F)(F)F)C=C1)C2=CC=C(OCC)C=C2,24000
MB96,O=C(/C=C/C1=C(OC)C=C(OC)C=C1)C2=CC=C(OCC)C=C2,30000
MB97,O=C(/C=C/C1=CC=C(C)C=C1)C2=CC=C(OCC)C=C2,38000
MB98,O=C(/C=C/C1=CC=C([N+]([O-])=O)C=C1)C2=CC=C(OCC)C=C2,39000
MB99,O=C(/C=C/C1=CC=C(N(C)C)C=C1)C2=CC=C(OCC)C=C2,30000
MB100,O=C(/C=C/C1=CC=C(C#N)C=C1)C2=CC=C(OCC)C=C2,540000
MB101,O=C(/C=C/C1=CC=CC=C1)C2=CC=C(OCC)C=C2,43000
MB102,O=C(/C=C/C1=C(Cl)C=C(Cl)C=C1)C2=CC=C(O)C=C2O,68500
MB103,O=C(/C=C/C1=CC(C2=NC(C=CC=C3)=C3C=C2)=CC=C1)C4=CC=C(O)C=C4O,16100
MB104,O=C(/C=C/C1=C(F)C=C(F)C=C1)C2=CC=C(O)C=C2O,16000
MB105,O=C(/C=C/C1=C(OC)C=C(OC)C=C1)C2=CC=C(O)C=C2O,56400
MB106,O=C(/C=C/C1=C2C(C=CC=C2)=CC=C1)C3=CC=C(O)C=C3O,24800
MB107,O=C(/C=C/C1=CC=C(C(F)(F)F)C=C1)C2=CC=C(O)C=C2O,26500
MB108,O=C(/C=C/C1=C(C2=NC=CC=C2)C=CC=C1)C3=CC=C(O)C=C3O,19700
MB109,O=C(C1=CC=C(C=C1O)O)/C=C/C2=CC=CC=C2C3=C(C=CC=C4)C4=CC=C3,20000
MB110,O=C(C1=CC=C(C=C1O)O)/C=C/C2=CC=C(C3=NC=CC=C3)C=C2,121600
MB111,O=C(C1=CC=C(C=C1O)O)/C=C/C2=CC=C(C3=NC(C=CC=C4)=C4C=C3)C=C2,92800
MB112,O=C(C1=CC=C(C=C1O)O)/C=C/C2=CC=C(Cl)C=C2,12300
MB113,O=C(C1=CC=C(C=C1)O)/C=C/C2=CC=CC3=C2C=CC=C3,39900
MB114,O=C(C1=CC=C(C=C1)O)/C=C/C2=CC=CC(C3=NC(C=CC=C4)=C4C=C3)=C2,41000
MB115,O=C(C1=CC=C(C=C1)O)/C=C/C2=CC=CC=C2C3=NC=CC=C3,16300
MB116,O=C(C1=CC=C(C=C1)O)/C=C/C2=CC=C(C3=NC(C=CC=C4)=C4C=C3)C=C2,51000
MB117,O=C(C1=CC=C(C=C1)O)/C=C/C2=CC=CC=C2C3=C(C=CC=C4)C4=CC=C3,27500
MB118,O=C(C1=CC=C(C=C1)O)/C=C/C2=CC=C(Cl)C=C2,38000
MB119,O=C(C1=CC=C(C=C1)O)/C=C/C2=CC=CC=C2Cl,61700
MB120,O=C(C1=CC=C(C=C1)O)/C=C/C2=CC=CC(Cl)=C2,33100
MB121,O=C(C1=CC=C(C=C1)O)/C=C/C2=CC=C(OC)C=C2,32200
MB122,O=C(C1=CC=C(C=C1)O)/C=C/C2=CC=C(C)C=C2,25400
MB123,O=C(C1=CC=C(C=C1)O)/C=C/C2=CC=CC(C)=C2,25800
MB124,O=C(C1=CC=C(C=C1)O)/C=C/C2=CC=C(CCCC)C=C2,20900
MB125,O=C(C1=CC=C(C=C1)O)/C=C/C2=CC=C(C(F)(F)F)C=C2,30400
MB126,O=C(C1=CC=C(C=C1)O)/C=C/C2=CC=C([N+]([O-])=O)C=C2,20400
MB127,O=C(C1=CC=C(C=C1)O)/C=C/C2=CC=C(F)C=C2,21700
MB128,O=C(C1=CC=C(C=C1)O)/C=C/C2=CC=C(Cl)C(Cl)=C2,18400
MB129,O=C(C1=CC=C(C=C1)O)/C=C/C2=CC=C(N(C)C)C=C2,17700
MB130,O=C(C1=CC=C(C=C1)O)/C=C/C2=CC=C(Cl)C=C2Cl,24500
MB131,O=C(C1=CC=C(C=C1)O)/C=C/C2=CC=CC=C2,29600
MB132,O=C(C1=CC=CC=C1O)/C=C/C2=C(Cl)C=C(Cl)C=C2,35450
MB133,O=C(C1=CC=CC=C1O)/C=C/C2=CC=C(N(C)C)C=C2,188000
MB134,O=C(C1=CC=CC=C1O)/C=C/C2=CC(C3=NC(C=CC=C4)=C4C=C3)=CC=C2,28000
MB135,O=C(C1=CC=CC=C1O)/C=C/C2=CC=C(Cl)C=C2,12850
MB136,O=C(C1=CC=CC=C1O)/C=C/C2=CC=C(C)C=C2,62500
MB137,O=C(C1=CC=CC=C1O)/C=C/C2=CC=C(OC)C=C2,61500
MB138,O=C(C1=CC=CC=C1O)/C=C/C2=C(OC)C=C(OC)C=C2,25500
MB139,O=C(C1=CC=CC=C1O)/C=C/C2=CC=C(C(F)(F)F)C=C2,35500
MB140,O=C(C1=CC=CC=C1O)/C=C/C2=CC=C(F)C=C2,47000
MB141,O=C(C1=CC=CC=C1O)/C=C/C2=C(C3=NC=CC=C3)C=CC=C2,31000
MB142,O=C(C1=CC=CC=C1O)/C=C/C2=C3C(C=CC=C3)=CC=C2,32500
MB143,O=C(C1=CC=CC=C1O)/C=C/C2=C(C3=C(C=CC=C4)C4=CC=C3)C=CC=C2,29500
MB149,O=C(/C=C/C1=CC2=C(C=C(OC)C(OC)=C2)N=C1Cl)C3=CC=CC=C3,20000
MB150,O=C(/C=C/C1=CC2=C(C=C(OC)C(OC)=C2)N=C1Cl)C3=CC=C(C)C=C3,50000
MB151,O=C(/C=C/C1=CC2=C(C=C(OC)C(OC)=C2)N=C1Cl)C3=CC=C(Br)C=C3,70000
MB153,O=C(/C=C/C1=CC2=C(C=C(OC)C(OC)=C2)N=C1Cl)C3=CC=C(OC)C=C3OC,40000
MB154,O=C(/C=C/C1=CC2=C(C=C(OC)C(OC)=C2)N=C1Cl)C3=CC(OC)=CC=C3OC,40000
MB155,O=C(/C=C/C1=CC2=C(C=C(OC)C(OC)=C2)N=C1Cl)C3=C(OC)C=CC=C3OC,100000
MB161,O=C(/C(OC1=CC=C(/C=N\NC2=C(C=CC(Cl)=C3)C3=NC=C2)C=C1)=C\C4=CC=CC=C4)C5=CC=C(Cl)C=C5,78.77
MB162,O=C(/C(OC1=CC=C(/C=N\NC2=C(C=CC(Cl)=C3)C3=NC=C2)C=C1)=C\C4=CC=C(C)C=C4)C5=CC=C(Cl)C=C5,111.68
MB163,O=C(/C(OC1=CC=C(/C=N\NC2=C(C=CC(Cl)=C3)C3=NC=C2)C=C1)=C\C4=CC=C(OC)C=C4)C5=CC=C(Cl)C=C5,48.09
MB164,O=C(/C(OC1=CC=C(/C=N\NC2=C(C=CC(Cl)=C3)C3=NC=C2)C=C1)=C\C4=C(OC)C=CC(OC)=C4)C5=CC=C(Cl)C=C5,250.41
MB165,O=C(/C(OC1=CC=C(/C=N\NC2=C(C=CC(Cl)=C3)C3=NC=C2)C=C1)=C\C4=CC=C(OC)C(OC)=C4)C5=CC=C(Cl)C=C5,84.03
MB166,O=C(/C(OC1=CC=C(/C=N\NC2=C(C=CC(Cl)=C3)C3=NC=C2)C=C1)=C\C4=C(OC)C(OC)=C(OC)C=C4)C5=CC=C(Cl)C=C5,123.5
MB167,O=C(/C(OC1=CC=C(/C=N\NC2=C(C=CC(Cl)=C3)C3=NC=C2)C=C1)=C\C4=C(OC)C=C(OC)C(OC)=C4)C5=CC=C(Cl)C=C5,90.49
MB168,O=C(/C(OC1=CC=C(/C=N\NC2=C(C=CC(Cl)=C3)C3=NC=C2)C=C1)=C\C4=CC(OC)=C(OC)C(OC)=C4)C5=CC=C(Cl)C=C5,95.31
MB169,O=C(/C(OC1=CC=C(/C=N\NC2=C(C=CC(Cl)=C3)C3=NC=C2)C=C1)=C\C4=COC=C4)C5=CC=C(Cl)C=C5,57.3
MB170,O=C(/C(OC1=CC=C(/C=N\NC2=C(C=CC(Cl)=C3)C3=NC=C2)C=C1)=C\C4=CC=C(F)C=C4)C5=CC=C(Cl)C=C5,29.06
MB171,O=C(/C(OC1=CC=C(/C=N\NC2=C(C=CC(Cl)=C3)C3=NC=C2)C=C1)=C\C4=CC=C(Cl)C=C4)C5=CC=C(Cl)C=C5,144.69
MB172,O=C(/C(OC1=CC=C(/C=N\NC2=C(C=CC(Cl)=C3)C3=NC=C2)C=C1)=C\C4=C(F)C=C(F)C=C4)C5=CC=C(Cl)C=C5,138.81
MB173,O=C(/C(OC1=CC=C(/C=N\NC2=C(C=CC(Cl)=C3)C3=NC=C2)C=C1)=C\C4=C(Cl)C=C(Cl)C=C4)C5=CC=C(Cl)C=C5,295.42
MB174,O=C(/C(OC1=CC=C(/C=N\NC2=C(C=CC(Cl)=C3)C3=NC=C2)C=C1)=C\C4=CC([N+]([O-])=O)=CC=C4)C5=CC=C(Cl)C=C5,128.12
MB176,O=C1C(C)=CC(/C=C/C(C2=CC=C(C)C=C2)=O)=C/C1=C\NCCNC3=CC=NC4=CC(Cl)=CC=C34,20.14
MB177,O=C1C(C)=CC(/C=C/C(C2=CC=C(O)C=C2)=O)=C/C1=C\NCCNC3=CC=NC4=CC(Cl)=CC=C34,7.46
MB178,O=C1C(C)=CC(/C=C/C(C2=CC=C(OC)C=C2)=O)=C/C1=C\NCCNC3=CC=NC4=CC(Cl)=CC=C34,33.34
MB179,O=C1C(C)=CC(/C=C/C(C2=CC=C(F)C=C2)=O)=C/C1=C\NCCNC3=CC=NC4=CC(Cl)=CC=C34,22.23
MB180,O=C1C(C)=CC(/C=C/C(C2=CC=C(Cl)C=C2)=O)=C/C1=C\NCCNC3=CC=NC4=CC(Cl)=CC=C34,44.03
MB181,O=C1C(C)=CC(/C=C/C(C2=CC=C(Br)C=C2)=O)=C/C1=C\NCCNC3=CC=NC4=CC(Cl)=CC=C34,34.34
MB182,O=C1C(C)=CC(/C=C/C(C2=CC(OC)=C(OC)C(OC)=C2)=O)=C/C1=C\NCCNC3=CC=NC4=CC(Cl)=CC=C34,19.06
MB183,O=C1C(C)=CC(/C=C/C(C2=CC=CS2)=O)=C/C1=C\NCCNC3=CC=NC4=CC(Cl)=CC=C34,20.48
MB184,O=C1C(C(C)CC)=CC(/C=C/C(C2=CC=C(C)C=C2)=O)=C/C1=C\NCCNC3=CC=NC4=CC(Cl)=CC=C34,25.9
MB185,O=C1C(C(C)CC)=CC(/C=C/C(C2=CC=C(O)C=C2)=O)=C/C1=C\NCCNC3=CC=NC4=CC(Cl)=CC=C34,41.71
MB186,O=C1C(C(C)CC)=CC(/C=C/C(C2=CC=C(OC)C=C2)=O)=C/C1=C\NCCNC3=CC=NC4=CC(Cl)=CC=C34,33.68
MB187,O=C1C(C(C)CC)=CC(/C=C/C(C2=CC=C(Cl)C=C2)=O)=C/C1=C\NCCNC3=CC=NC4=CC(Cl)=CC=C34,32.77
MB188,O=C1C(C(C)CC)=CC(/C=C/C(C2=CC=CO2)=O)=C/C1=C\NCCNC3=CC=NC4=CC(Cl)=CC=C34,14.12
MB189,O=C1C(C(C)CC)=CC(/C=C/C(C2=CC=CS2)=O)=C/C1=C\NCCNC3=CC=NC4=CC(Cl)=CC=C34,17.56
MB190,O=C1C(C(C)(C)C)=CC(/C=C/C(C2=CC=C(F)C=C2)=O)=C/C1=C\NCCNC3=CC=NC4=CC(Cl)=CC=C34,13.56
MB191,O=C1C(C(C)(C)C)=CC(/C=C/C(C2=CC=C(Cl)C=C2)=O)=C/C1=C\NCCNC3=CC=NC4=CC(Cl)=CC=C34,51.54
MB192,O=C1C(C(C)(C)C)=CC(/C=C/C(C2=CC=C(Br)C=C2)=O)=C/C1=C\NCCNC3=CC=NC4=CC(Cl)=CC=C34,7.85
MB193,O=C1C(C)=CC(/C=C/C(C2=CC=C(O)C=C2)=O)=C/C1=C\NCCCNC3=CC=NC4=CC(Cl)=CC=C34,59.42
MB194,O=C1C(C)=CC(/C=C/C(C2=CC=C(OC)C=C2)=O)=C/C1=C\NCCCNC3=CC=NC4=CC(Cl)=CC=C34,75.4
MB195,O=C1C(C)=CC(/C=C/C(C2=CC=C(Cl)C=C2)=O)=C/C1=C\NCCCNC3=CC=NC4=CC(Cl)=CC=C34,82.67
MB196,O=C1C(C(C)CC)=CC(/C=C/C(C2=CC=C(O)C=C2)=O)=C/C1=C\NCCCNC3=CC=NC4=CC(Cl)=CC=C34,78.29
MB197,O=C1C(C(C)CC)=CC(/C=C/C(C2=CC=C(OC)C=C2)=O)=C/C1=C\NCCCNC3=CC=NC4=CC(Cl)=CC=C34,75.23
MB198,O=C1C(C(C)CC)=CC(/C=C/C(C2=CC=C(Cl)C=C2)=O)=C/C1=C\NCCCNC3=CC=NC4=CC(Cl)=CC=C34,74.8
MB199,O=C1C(C)=CC(/C=C/C(C2=CC=C(OC)C=C2)=O)=C/C1=C\NC(C=C3)=CC=C3NC4=CC=NC5=CC(Cl)=CC=C45,365.94
MB200,O=C1C(C)=CC(/C=C/C(C2=CC=C(F)C=C2)=O)=C/C1=C\NC(C=C3)=CC=C3NC4=CC=NC5=CC(Cl)=CC=C45,299.06
MB201,O=C1C(C(CC)C)=CC(/C=C/C(C2=CC=CO2)=O)=C/C1=C\NC(C=C3)=CC=C3NC4=CC=NC5=CC(Cl)=CC=C45,145.45
MB202,O=C1C(C(C)(C)C)=CC(/C=C/C(C2=CC=C(Cl)C=C2)=O)=C/C1=C\NC(C=C3)=CC=C3NC4=CC=NC5=CC(Cl)=CC=C45,638.84
MB204,O=C(C1=CC=C(OC)C=C1O)/C=C/C2=CC=C(N(CC)CC)C=C2,7280
MB205,O=C(C1=CC=C(OC)C=C1O)/C=C/C2=CC=C(O)C(O)=C2,590
MB206,O=C(C1=CC=C(Cl)C=C1)/C=C/C2=CC=C(O)C(OC)=C2,25840
MB207,O=C(C1=CC=C(Cl)C=C1)/C=C/C2=CC=C(OCC=C)C(OC)=C2,5260
MB208,O=C(C1=CC=C(Cl)C=C1)/C=C/C2=CC=C(OC)C(OC)=C2,7300
MB209,O=C(C1=CC=C(OC)C(OC)=C1)/C=C/C2=CC=C(OC)C(OC)=C2,5360
MB210,O=C(C1=CC=C(OC)C(OC)=C1)/C=C/C2=CC(OC)=C(OC)C(Cl)=C2,11380
MB211,O=C(/C=C/C1=CC(OC)=C(OC)C(OC)=C1)C2=CC3=CC=CC=C3OC2=O,8460
MB212,O=C(/C=C/C1=CC=C(O)C(OC)=C1)C2=CC3=CC=CC=C3OC2=O,34120
MB213,O=C(/C=C/C1=CC=C(OC)C(OC)=C1)C2=CC3=CC=CC=C3OC2=O,79380
MB215,O=C(/C=C/C1=CC(OC)=CC=C1OC)C2=CC3=CC=CC=C3OC2=O,8020
MB216,O=C(/C=C/C1=CC=C(OC)C(OC)=C1OC)C2=CC3=CC=CC=C3OC2=O,9210
MB219,O=C(/C=C/C1=CC=CC=C1Cl)C2=C(O)C3=C(C=C2)OC(C=C3C)=O,58690
MB222,O=C(/C=C/C1=CC=C(Cl)C=C1)C2=CC=C(N3C4=CC=CC=C4N=N3)C=C2,6940
MB223,O=C(/C=C/C1=CC=C(Cl)C=C1)C2=CC=C(N3C=CC=N3)C=C2,25130
MB224,O=C(/C=C/C1=CC=C(Cl)C=C1)C2=CC=C(N3CCCC3)C=C2,19270
MB225,O=C(/C=C/C1=CC=C(Cl)C=C1)C2=CC=C(N3CCOCC3)C=C2,27750
MB226,O=C(/C=C/C1=CC=C(Cl)C=C1)C2=CC=C(N3C=CN=C3)C=C2,26750
MB227,O=C(/C=C/C1=CC=C(Cl)C=C1)C2=CC=C(N3N=CN=C3)C=C2,4900
MB228,O=C(/C=C/C1=CC=C(Cl)C=C1)C2=CC=C(N3CCCCC3)C=C2,15800
MB229,O=C(/C=C/C1=CC=C(OC)C=C1)C2=CC=C(N3N=CC=C3)C=C2,40510
MB230,O=C(/C=C/C1=CC=C(OC)C=C1)C2=CC=C(N3N=NC4=C3C=CC=C4)C=C2,19130
MB231,O=C(/C=C/C1=CC(OC)=C(OC)C(OC)=C1)C2=CC=C(N3CCCCC3)C=C2,18760
MB232,O=C(/C=C/C1=CC(OC)=C(OC)C(OC)=C1)C2=CC=C(N3C=CC=N3)C=C2,16460
MB233,O=C(/C=C/C1=CC(OC)=C(OC)C(OC)=C1)C2=CC=C(N3CCOCC3)C=C2,11990
MB234,O=C(/C=C/C1=CC(OC)=C(OC)C(OC)=C1)C2=CC=C(N3C=NC=N3)C=C2,21970
MB235,CC1=CSC2=NC(/C=C\C3=CC=CC=C3)=C(C(/C=C/C4=CC=CC=C4)=O)C(C5=CC=CC=C5)N21,1230
MB236,CC1=CSC2=NC(/C=C\C3=CC=C(Cl)C=C3)=C(C(/C=C/C4=CC=C(Cl)C=C4)=O)C(C5=CC=CC=C5)N21,9720
MB237,O=C(C1=C(/C=C/C2=CC=CC(Cl)=C2)N=C(SC=C3C)N3C1C4=CC=CC=C4)/C=C/C5=CC=CC(Cl)=C5,1490
MB238,O=C(C1=C(/C=C/C2=C(Cl)C=CC=C2)N=C(SC=C3C)N3C1C4=CC=CC=C4)/C=C/C5=CC=CC=C5Cl,1050
MB239,O=C(C1=C(/C=C/C2=CC=C(Br)C=C2)N=C(SC=C3C)N3C1C4=CC=CC=C4)/C=C/C5=CC=C(Br)C=C5,8700
MB240,O=C(C1=C(/C=C/C2=CC=C(F)C=C2)N=C(SC=C3C)N3C1C4=CC=CC=C4)/C=C/C5=CC=C(F)C=C5,5390
MB241,O=C(C1=C(/C=C/C2=CC=C(OC)C=C2)N=C(SC=C3C)N3C1C4=CC=CC=C4)/C=C/C5=CC=C(OC)C=C5,4200
MB242,O=C(C1=C(/C=C/C2=CC=C(OCC3=CC=CC=C3)C=C2)N=C(SC=C4C)N4C1C5=CC=CC=C5)/C=C/C6=CC=C(OCC7=CC=CC=C7)C=C6,36440
MB243,O=C(C1=C(/C=C/C2=CC(OC)=C(OC)C(OC)=C2)N=C(SC=C3C)N3C1C4=CC=CC=C4)/C=C/C5=CC(OC)=C(OC)C(OC)=C5,780
MB244,O=C(C1=C(/C=C/C2=CC=C(OCO3)C3=C2)N=C(SC=C4C)N4C1C5=CC=CC=C5)/C=C/C6=CC=C(OCO7)C7=C6,9240
MB245,O=C(C1=C(/C=C/C2=CC=CC=C2)N=C(SC=C3C)N3C1C4=CC=C(OC)C=C4)/C=C/C5=CC=CC=C5,4300
MB246,O=C(C1=C(/C=C/C2=CC=C(Cl)C=C2)N=C(SC=C3C)N3C1C4=CC=C(OC)C=C4)/C=C/C5=CC=C(Cl)C=C5,9470
MB247,O=C(C1=C(/C=C/C2=CC=C(F)C=C2)N=C(SC=C3C)N3C1C4=CC=C(OC)C=C4)/C=C/C5=CC=C(F)C=C5,9770
MB248,O=C(C1=C(/C=C/C2=CC=C(OCO3)C3=C2)N=C(SC=C4C)N4C1C5=CC=C(OC)C=C5)/C=C/C6=CC=C(OCO7)C7=C6,6800
MB249,O=C(C1=C(/C=C/C2=CC=CS2)N=C(SC=C3C)N3C1C4=CC=C(OC)C=C4)/C=C/C5=CC=CS5,10280
MB250,O=C(C1=C(/C=C\C2=CC(OC)=C(OC)C(OC)=C2)N=C(SC=C3C)N3C1C4=CC(OC)=C(OC)C(OC)=C4)/C=C/C5=CC(OC)=C(OC)C(OC)=C5,9330
MB251,O=C(C1=C(/C=C/C2=CC=C(OC)C=C2)N=C(SC=C3C)N3C1C4=CC(OC)=C(OC)C(OC)=C4)/C=C/C5=CC=C(OC)C=C5,2570
MB252,O=C(C1=C(/C=C/C2=CC=CC=C2)N=C(SC=C3C)N3C1C4=CC=C(Cl)C=C4)/C=C/C5=CC=CC=C5,1010
MB253,O=C(C1=C(/C=C/C2=CC=CC=C2Cl)N=C(SC=C3C)N3C1C4=CC=C(Cl)C=C4)/C=C/C5=CC=CC=C5Cl,10460
MB254,O=C(C1=C(/C=C/C2=CC=CC(Cl)=C2)N=C(SC=C3C)N3C1C4=CC=C(Cl)C=C4)/C=C/C5=CC=CC(Cl)=C5,3980
MB255,O=C(C1=C(/C=C/C2=CC=C(Cl)C=C2)N=C(SC=C3C)N3C1C4=CC=C(Cl)C=C4)/C=C/C5=CC=C(Cl)C=C5,1500
MB256,O=C(C1=C(/C=C/C2=CC=C(Br)C=C2)N=C(SC=C3C)N3C1C4=CC=C(Cl)C=C4)/C=C/C5=CC=C(Br)C=C5,2010
MB257,O=C(C1=C(/C=C/C2=CC=C(OCC3=CC=CC=C3)C=C2)N=C(SC=C4C)N4C1C5=CC=C(Cl)C=C5)/C=C/C6=CC=C(OCC7=CC=CC=C7)C=C6,9860
MB258,O=C(C1=CC=C(OC)C=C1)/C=C/C2=CC=C(Cl)C=C2,88000
MB260,O=C(C1=CC=C([N+]([O-])=O)C=C1)/C=C/C2=CC=CS2,169900
MB261,O=C(C1=CC=C(OCO2)C2=C1)/C=C/C3=CC=C(Cl)C=C3,97900
MB262,O=C(C1=CC=C(O)C=C1)/C=C/C2=CC=C(Cl)C=C2,30000
MB263,O=C(C1=CC=C(OCC=C)C=C1)/C=C/C2=CC=C(Cl)C=C2,75000
MB264,O=C(C1=CC=C(Cl)C=C1)/C=C/C2=CC=C(Cl)C=C2,65000
MB265,O=C(C1=CC=C(Br)C=C1)/C=C/C2=CC=C(Cl)C=C2,50000
MB266,O=C(C1=CC=C([N+]([O-])=O)C=C1)/C=C/C2=CC=C(Cl)C=C2,78000
MB268,O=C(C1=CC=C(Cl)C=C1)/C=C/C2=CC=C(OC)C=C2,28800
MB269,O=C(C1=CC=C(Cl)C=C1)/C=C/C2=CC=C(OC)C=C2OC,6000
MB270,O=C(C)/C=C/C1=CC=C(OC)C=C1OC,48500
MB271,O=C(C1=CC=C(Cl)C=C1)/C=C/C2=C(OC)C=C(OC)C(OC)=C2,4000
MB272,O=C(C1=CC=C(Cl)C=C1)/C=C/C2=C(OC)C=C(OC)C=C2OC,8000
MB273,O=C(C1=CC=C(Cl)C=C1)/C=C/C2=CC(OC)=C(OC)C(OC)=C2,4600
MB274,O=C(C1=CC=C(Br)C=C1)/C=C(C2=CN(CC=C)C3=C2C=CC=C3)/C4=C(OC)C=C(OC)C(OC)=C4,17500
MB275,O=C(C1=CC=C(OC)C=C1)/C=C/C2=CC(OC)=C(OC)C=C2OC,11500
MB276,O=C(C1=CC=C(OC)C(OC)=C1OC)/C=C/C2=CC(OC)=C(OC)C=C2OC,7800
MB279,O=C(C1=CC=C(I)C=C1)/C=C/C2=CC(OC)=C(OC)C=C2OC,2000
MB280,O=C(C1=CC=C(Br)C=C1)/C=C/C2=CC(OC)=C(OC)C=C2OC,1800
MB282,O=C(C1=CC=C(C2=CC=C(Br)C=C2)C=C1)/C=C/C3=CC(OC)=C(OC)C=C3OC,47000
MB283,COC1=CC=C(C(/C=C/C2=CC=C(O/N=C(C)/OCC)C=C2)=O)C=C1,47100
MB284,O=C(/C=C/C1=CC=C(O/N=C(C)/OCC)C=C1)C2=CC=CC=C2,96900
MB286,CC1=CC=C(C(/C=C/C2=CC=C(O/N=C(C)/OCC)C=C2)=O)C=C1,102000
MB287,O=C(/C=C/C1=CC=C(O/N=C(C)/OCC)C=C1)C2=CC=CC=C2OC,41250
MB288,O=C(/C=C/C1=CC=C(O/N=C(C)/OCC)C=C1)C2=C(C)C=CC=C2,43290
MB290,O=C(/C=C/C1=CC=C(O/N=C(C)/OCC)C=C1)C2=CC=C(OC)C=C2OC,43310
MB291,O=C(/C=C/C1=CC=C(O/N=C(C)/OCC)C=C1)C2=CC(O)=CC=C2,46100
MB293,O=C(/C=C/C1=CC=C(O/N=C(C)/OCC)C=C1)C2=C(C=CC=C3)C3=CC=C2,33380
MB295,O=C(/C=C/C1=CC=CC=C1)C2=CC=C(O/N=C(OCC)\C)C=C2,96970
MB296,O=C(/C=C/C1=CC=C(C)C=C1)C2=CC=C(O/N=C(OCC)\C)C=C2,80390
MB297,O=C(/C=C/C1=CC=C(OC)C=C1)C2=CC=C(O/N=C(OCC)\C)C=C2,82500
MB298,O=C(/C=C/C1=CC=C(OC2=CC=CC=C2)C=C1)C3=CC=C(O/N=C(OCC)\C)C=C3,28880
MB299,O=C(/C=C/C1=CC=CC=C1OC)C2=CC=C(O/N=C(OCC)\C)C=C2,76600
MB300,O=C(/C=C/C1=CC=CC(OC)=C1)C2=CC=C(O/N=C(OCC)\C)C=C2,41250
MB301,O=C(/C=C/C1=CC(OC)=CC=C1OC)C2=CC=C(O/N=C(OCC)\C)C=C2,16240
MB302,O=C(/C=C/C1=CC=C(OC)C(OC)=C1)C2=CC=C(O/N=C(OCC)\C)C=C2,37890
MB304,O=C(/C=C/C1=CC(OC)=C(OC)C(OC)=C1)C2=CC=C(O/N=C(OCC)\C)C=C2,30000
MB308,O=C(/C=C/C1=CC=CS1)C2=CC=C(O/N=C(OCC)\C)C=C2,88770
MB310,O=C(/C=C/C1=CC=C(O/N=C(OCC)\C)C=C1)C2=CC=C(O/N=C(OCC)\C)C=C2,63340
MB311,O=C(C1=CC=C(O)C=C1)/C=C/C2=CC(CC=C)=C(O)C(OC)=C2,38500
MB312,O=C(C1=CC=C(Cl)C=C1)/C=C/C2=CC(CC=C)=C(O)C(OC)=C2,28000
MB313,O=C(C1=CC=C(Cl)C=C1)/C=C/C2=CC(CC=C)=C(OC)C(OC)=C2,3900
MB314,O=C(C1=CC=C(OC)C=C1)/C=C/C2=CC(CC=C)=C(OC)C(OC)=C2,4300
MB315,O=C(C1=CC=C(OCO2)C2=C1)/C=C/C3=CC(CC=C)=C(OC)C(OC)=C3,4700
MB316,O=C(C1=CC=C(Br)C=C1)/C=C/C2=CC(CC=C)=C(OC)C(OC)=C2,5300
MB317,O=C(C1=CC=C([N+]([O-])=O)C=C1)/C=C/C2=CC(CC=C)=C(OC)C(OC)=C2,12500
MB318,O=C(C1=CC=C(Cl)C=C1)/C=C/C2=CC(CC=C)=C(OCC=C)C(OC)=C2,7800
MB320,O=C(C1=CC=C(Cl)C(Cl)=C1)/C=C/C2=CC=C(OCC=C)C(OC)=C2,10000
MB321,O=C(C1=CC=C(Br)C=C1)/C=C/C2=CC=C(OCC=C)C(OC)=C2,8100
MB322,O=C(C1=CC=C(I)C=C1)/C=C/C2=CC=C(OCC=C)C(OC)=C2,8500
MB323,O=C(C1=CC=C(F)C=C1)/C=C/C2=CC=C(OCC=C)C(OC)=C2,23000
MB324,O=C(C1=CC=CC(Cl)=C1)/C=C/C2=CC=C(OCC=C)C(OC)=C2,5300
MB325,O=C(C1=CC=C(OC)C=C1)/C=C/C2=CC=C(OCC=C)C(OC)=C2,22500
MB326,O=C(C1=CC=C(OCO2)C2=C1)/C=C/C3=CC=C(OCC=C)C(OC)=C3,38500
MB328,O=C(C1=CC=C(N)C=C1)/C=C/C2=CC=C(OCC=C)C(OC)=C2,36000
MB329,O=C(C1=CC=CC=C1)/C=C/C2=CC=C(OCC=C)C(OC)=C2,38000
MB330,O=C(C1=CC=C(OCC=C)C=C1)/C=C/C2=CC=C(OCC=C)C(OC)=C2,7400
MB331,O=C(C1=CC=C(Cl)C=C1)/C=C/C2=CC=CC(OC)=C2OCC=C,12500
MB332,O=C(C1=CC=C(Cl)C=C1)/C=C/C2=CC=C(OC)C(OCC=C)=C2,18000
MB334,O=C(C1=CC=C(Cl)C=C1)/C=C/C2=CC=C(OC/C=C(C)/C)C(OC)=C2,5000
MB335,O=C(C1=CC=C(Cl)C=C1)/C=C/C2=CC=C(OCCCC)C(OC)=C2,14800
MB336,O=C(C1=CC=C(Cl)C=C1)/C=C/C2=CC=C(OCC3=CC=C(Br)C=C3)C(OC)=C2,8000
MB337,O=C(C1=CC=C(Cl)C=C1)/C=C/C2=CC(OC)=C(OCC=C)C(OC)=C2,3800
MB338,O=C(C1=CC=C(Cl)C=C1)/C=C/C2=CC=C(OCC=C)C=C2,43000
MB339,O=C(C1=CC=C(Cl)C=C1)/C=C/C2=CC=CC=C2OCC=C,9000
MB340,O=C(C1=CC=C(Cl)C=C1)/C=C/C2=CC=C(OCC=C)C(OCC)=C2,28000
MB341,O=C(C1=CC=C(Cl)C=C1)/C=C/C2=CC=C(OCC=C)C(OCC=C)=C2,3400
MB342,O=C(C1=CC=C(OCC=C)C(OC)=C1)/C=C/C2=CC=C(Cl)C=C2,8600
MB343,O=C(C1=CC=CO1)/C=C/C2=CC=C(OCC=C)C(OC)=C2,95000
MB344,O=C1C(C(/C=C/C2=CC=C(OCC=C)C(OC)=C2)=O)=CC3=C(O1)C=CC=C3,100000
MB346,O=C(C1=CC=CN1)/C=C/C2=CC=C(OCC=C)C(OC)=C2,48000
MB349,O=C(C1=CC=C(NC2=CC=NC3=CC(Cl)=CC=C23)C=C1)/C=C/C4=CC=C(OCC=C)C(OC)=C4,75000
MB350,O=C(C1=CC=C(N(CC=C)C2=CC=NC3=CC(Cl)=CC=C23)C=C1)/C=C/C4=CC=C(OCC=C)C(OC)=C4,3500
MB352,O=C1C=CC2=C(O1)C=C(OCC3=CN(C4=CC=CC(C(/C=C/C5=CC=CC(OC)=C5OC)=O)=C4)N=N3)C=C2,13010
MB354,O=C1C=CC2=C(O1)C=C(OCC3=CN(C4=CC=CC(C(/C=C/C5=CC=C(OC)C(OC)=C5OC)=O)=C4)N=N3)C=C2,24150
MB358,O=C1C=C(OCC2=CN(C3=CC=CC(C(/C=C/C4=CC=CC(OC)=C4OC)=O)=C3)N=N2)C5=C(O1)C=CC=C5,9280
MB359,O=C1C=C(OCC2=CN(C3=CC=CC(C(/C=C/C4=CC=C(OC)C(OC)=C4OC)=O)=C3)N=N2)C5=C(O1)C=CC=C5,13840
MB360,O=C1C=C(OCC2=CN(C3=CC=C(C(/C=C/C4=CC=C(OC)C(OC)=C4OC)=O)C=C3)N=N2)C5=C(O1)C=CC=C5,2960
MB362,O=C(C1=CC(C/C=C(C)\C)=C(OC)C=C1O)/C=C/C2=CC=C(C)C=C2,91690
MB363,O=C(C1=CC(C/C=C(C)\C)=C(OC)C=C1O)/C=C/C2=CC=C(Br)C=C2,92320
MB364,O=C(C1=CC(C/C=C(C)\C)=C(OC)C=C1O)/C=C/C2=CC=C(OC)C(OC)=C2,2820
MB365,O=C(C1=CC(C/C=C(C)\C)=C(OC)C=C1O)/C=C/C2=CC=C(C3=CC=C(F)C=C3)C=C2,72240
MB368,O=C(C1=CC=C(Cl)C=C1)/C=C/C2=CC=C(O)C=C2,9430
MB369,O=C(/C=C/C1=CC=C(OCC#C[H])C(OC)=C1)C2=CC=C(OC)C=C2,13500
MB370,O=C(/C=C/C1=CC=C(OCC#C[H])C(OC)=C1)C2=CC=C(OC)C=C2OC,4300
MB371,O=C(/C=C/C1=CC=C(OCC#C[H])C(OC)=C1)C2=CC=C(OC)C(OC)=C2OC,2800
MB372,O=C(/C=C/C1=CC=C(OC)C=C1OC)C2=CC=C(OCC#C[H])C(OC)=C2,14500
MB373,O=C(/C=C/C1=CC=C(OC)C(OC)=C1OC)C2=CC=C(OCC#C[H])C(OC)=C2,2400
MB374,O=C(/C=C/C1=CC=C(Cl)C=C1Cl)C2=CC=C(OCC#C[H])C(OC)=C2,2800
MB375,O=C(/C=C/C1=CC=C(F)C=C1)C2=CC=C(OCC#C[H])C(OC)=C2,7700
MB376,O=C(/C=C/C1=CC=C(F)C=C1F)C2=CC=C(OCC#C[H])C(OC)=C2,5200
MB377,O=C1NC(C(C)=CN1C2OC(CO)C(N3N=NC(COC4=CC=C(/C=C/C(C5=CC=C(OC)C=C5)=O)C=C4OC)=C3)C2)=O,6100
MB378,O=C1NC(C(C)=CN1C2OC(CO)C(N3N=NC(COC4=CC=C(/C=C/C(C5=CC=C(OC)C=C5OC)=O)C=C4OC)=C3)C2)=O,4400
MB379,O=C1NC(C(C)=CN1C2OC(CO)C(N3N=NC(COC4=CC=C(/C=C/C(C5=CC=C(OC)C(OC)=C5OC)=O)C=C4OC)=C3)C2)=O,3700
MB380,O=C(C1=CC=C(OC)C=C1)/C=C/C2=CC=C(OCC3=CN(C4=CC=NC5=CC(Cl)=CC=C45)N=N3)C(OC)=C2,2200
MB381,O=C(C1=CC=C(OC)C=C1OC)/C=C/C2=CC=C(OCC3=CN(C4=CC=NC5=CC(Cl)=CC=C45)N=N3)C(OC)=C2,70
MB382,O=C(C1=CC=C(OC)C(OC)=C1OC)/C=C/C2=CC=C(OCC3=CN(C4=CC=NC5=CC(Cl)=CC=C45)N=N3)C(OC)=C2,400
MB383,O=C1NC(C(C)=CN1C2OC(CO)C(N3N=NC(COC4=CC=C(C(/C=C/C5=CC=C(OC)C=C5OC)=O)C=C4OC)=C3)C2)=O,11800
MB384,O=C1NC(C(C)=CN1C2OC(CO)C(N3N=NC(COC4=CC=C(C(/C=C/C5=CC=C(OC)C(OC)=C5OC)=O)C=C4OC)=C3)C2)=O,3800
MB385,O=C1NC(C(C)=CN1C2OC(CO)C(N3N=NC(COC4=CC=C(C(/C=C/C5=CC=C(Cl)C=C5Cl)=O)C=C4OC)=C3)C2)=O,1900
MB386,O=C1NC(C(C)=CN1C2OC(CO)C(N3N=NC(COC4=CC=C(C(/C=C/C5=CC=C(F)C=C5)=O)C=C4OC)=C3)C2)=O,6100
MB387,O=C1NC(C(C)=CN1C2OC(CO)C(N3N=NC(COC4=CC=C(C(/C=C/C5=CC=C(F)C=C5F)=O)C=C4OC)=C3)C2)=O,4800
MB388,O=C(C1=CC=C(OCC2=CN(C3=CC=NC4=CC(Cl)=CC=C34)N=N2)C(OC)=C1)/C=C/C5=CC=C(OC)C=C5OC,11700
MB389,O=C(C1=CC=C(OCC2=CN(C3=CC=NC4=CC(Cl)=CC=C34)N=N2)C(OC)=C1)/C=C/C5=CC=C(OC)C(OC)=C5OC,300
MB390,O=C(C1=CC=C(OCC2=CN(C3=CC=NC4=CC(Cl)=CC=C34)N=N2)C(OC)=C1)/C=C/C5=CC=C(Cl)C=C5Cl,1900
MB391,O=C(C1=CC=C(OCC2=CN(C3=CC=NC4=CC(Cl)=CC=C34)N=N2)C(OC)=C1)/C=C/C5=CC=C(F)C=C5,1600
MB392,FC1=CC=C(C(/C=C/C2=CC=C(OCC3=CN(C4=CC=NC5=CC(Cl)=CC=C45)N=N3)C(OC)=C2)=O)C(F)=C1,2100
