molecule_chembl_id,canonical_smiles,standard_value,class
MB1,O=C(C1=CC=CC=C1OC)/C=C/C2=NC=CC=C2,2000.0,intermediate
MB2,O=C(C1=CC=CC=C1OC)/C=C/C2=CC=CN=C2,17380.0,inactive
MB3,O=C(C1=CC=CC(OC)=C1)/C=C/C2=CC=CN=C2,4090.0,intermediate
MB4,O=C(C1=CC=C(OC)C=C1)/C=C/C2=NC=CC=C2,18640.0,inactive
MB5,O=C(C1=CC=C(OC)C=C1)/C=C/C2=CC=CN=C2,4470.0,intermediate
MB6,O=C(C1=CC=C(OC)C=C1)/C=C/C2=CC=NC=C2,4630.0,intermediate
MB7,OC1=CC(OC)=CC(OC)=C1C(/C=C/C2=CC=C(OCC3=CN(C4=CC=C(F)C=C4Cl)N=N3)C(OC)=C2)=O,11610.0,inactive
MB8,OC1=CC(OC)=CC(OC)=C1C(/C=C/C2=CC=C(OCC3=CN(C4=CC=C(F)C(Cl)=C4)N=N3)C(OC)=C2)=O,5070.0,intermediate
MB9,OC1=CC(OC)=CC(OC)=C1C(/C=C/C2=CC=C(OCC3=CN(C4=CC=C(F)C=C4F)N=N3)C(OC)=C2)=O,6300.0,intermediate
MB10,OC1=CC(OC)=CC(OC)=C1C(/C=C/C2=CC=C(OCC3=CN(C4=CC=CC=C4Cl)N=N3)C(OC)=C2)=O,12980.0,inactive
MB11,OC1=CC(OC)=CC(OC)=C1C(/C=C/C2=CC=C(OCC3=CN(C4=CC=C(Cl)C=C4)N=N3)C(OC)=C2)=O,9730.0,intermediate
MB12,OC1=CC(OC)=CC(OC)=C1C(/C=C/C2=CC=C(OC)C(OCC3=CN(C4=CC=C(F)C=C4Cl)N=N3)=C2)=O,9110.0,intermediate
MB13,OC1=CC(OC)=CC(OC)=C1C(/C=C/C2=CC=C(OC)C(OCC3=CN(C4=CC=C(F)C(Cl)=C4)N=N3)=C2)=O,13920.0,inactive
MB14,OC1=CC(OC)=CC(OC)=C1C(/C=C/C2=CC=C(OC)C(OCC3=CN(C4=CC=C(F)C=C4F)N=N3)=C2)=O,18220.0,inactive
MB15,OC1=CC(OC)=CC(OC)=C1C(/C=C/C2=CC=C(OC)C(OCC3=CN(C4=CC=CC=C4Cl)N=N3)=C2)=O,15380.0,inactive
MB16,OC1=CC(OC)=CC(OC)=C1C(/C=C/C2=CC=C(OC)C(OCC3=CN(C4=CC=C(Cl)C=C4)N=N3)=C2)=O,21110.0,inactive
MB17,OC1=CC(OC)=CC(OC)=C1C(/C=C/C2=CC=C(OCC3=CN(C4=CC=C(F)C=C4Cl)N=N3)C(OCC5=CN(C6=C(Cl)C=C(F)C=C6)N=N5)=C2)=O,11620.0,inactive
MB18,OC1=CC(OC)=CC(OC)=C1C(/C=C/C2=CC=C(OCC3=CN(C4=CC=C(F)C(Cl)=C4)N=N3)C(OCC5=CN(C6=CC(Cl)=C(F)C=C6)N=N5)=C2)=O,14770.0,inactive
MB19,OC1=CC(OC)=CC(OC)=C1C(/C=C/C2=CC=C(OCC3=CN(C4=CC=C(F)C=C4F)N=N3)C(OCC5=CN(C6=C(F)C=C(F)C=C6)N=N5)=C2)=O,12600.0,inactive
MB20,OC1=CC(OC)=CC(OC)=C1C(/C=C/C2=CC=C(OCC3=CN(C4=CC=CC=C4Cl)N=N3)C(OCC5=CN(C6=C(Cl)C=CC=C6)N=N5)=C2)=O,11970.0,inactive
MB21,OC1=CC(OC)=CC(OC)=C1C(/C=C/C2=CC=C(OCC3=CN(C4=CC=C(Cl)C=C4)N=N3)C(OCC5=CN(C6=CC=C(Cl)C=C6)N=N5)=C2)=O,18240.0,inactive
MB22,O=C(C1=CC=C(C)O1)/C=C/C2=CC=C(C(O)=O)C=C2,18400.0,inactive
MB23,O=C(NCCNC1=CC=NC2=CC(Cl)=CC=C12)C3=CC=C(/C=C/C(C4=CC=C(C)O4)=O)C=C3,110.0,active
MB24,O=C(NCCCNC1=CC=NC2=CC(Cl)=CC=C12)C3=CC=C(/C=C/C(C4=CC=C(C)O4)=O)C=C3,70.0,active
MB25,O=C(NCCCCNC1=CC=NC2=CC(Cl)=CC=C12)C3=CC=C(/C=C/C(C4=CC=C(C)O4)=O)C=C3,50.0,active
MB26,O=C(NC(C)CNC1=CC=NC2=CC(Cl)=CC=C12)C3=CC=C(/C=C/C(C4=CC=C(C)O4)=O)C=C3,80.0,active
MB27,O=C(NCCCCCCNC1=CC=NC2=CC(Cl)=CC=C12)C3=CC=C(/C=C/C(C4=CC=C(C)O4)=O)C=C3,50.0,active
MB28,O=C(N(CCCNC1=CC=NC2=CC(Cl)=CC=C12)C)C3=CC=C(/C=C/C(C4=CC=C(C)O4)=O)C=C3,370.0,active
MB29,O=C(NCCOCCOCCNC1=CC=NC2=CC(Cl)=CC=C12)C3=CC=C(/C=C/C(C4=CC=C(C)O4)=O)C=C3,260.0,active
MB30,O=C(NCCCN(CCCNC1=CC=NC2=CC(Cl)=CC=C12)C)C3=CC=C(/C=C/C(C4=CC=C(C)O4)=O)C=C3,90.0,active
MB31,O=C(C1=CC=C(C)O1)/C=C/C2=CC=C(C(N3CCN(C4=CC=NC5=CC(Cl)=CC=C45)CC3)=O)C=C2,540.0,active
MB32,O=C(/C=C/C1=CC=C(Cl)C=C1)C2=CC=C(N3C=CC=C3)C=C2,9500.0,intermediate
MB33,O=C(/C=C/C1=CC=C(Cl)C=C1)C2=CC=C(N3C(C=CC=C4)=C4N=N3)C=C2,7000.0,intermediate
MB34,O=C(/C=C/C1=CC=C(Cl)C=C1)C2=CC=C(N3C=NC=N3)C=C2,4900.0,intermediate
MB35,O=C(C1=C(Cl)SC(Cl)=C1)/C=C/C2=CC=C(OCC3=CC=CC=C3)C(OC)=C2,20030.0,inactive
MB36,O=C(C1=C(Cl)SC(Cl)=C1)/C=C/C2=CC=C(OC)C(OCC3=CC=CC=C3)=C2,12400.0,inactive
MB37,O=C(C1=CC=CO1)/C=C/C2=CC=C(OCC3=CC=CC=C3)C(OC)=C2,66390.0,inactive
MB38,O=C(C1=CC=CO1)/C=C/C2=CC=C(OC)C(OCC3=CC=CC=C3)=C2,42160.0,inactive
MB39,O=C(/C=C/C1=C(Cl)C=C(Cl)C=C1)C2=C(OC)C(OC)=C(OC)C=C2,5400.0,intermediate
MB40,O=C(/C=C/C1=CC=C(N(C)C)C=C1)C2=C(OC)C(OC)=C(OC)C=C2,18000.0,inactive
MB41,O=C(/C=C/C1=CC=C(C(F)(F)F)C=C1)C2=C(OC)C(OC)=C(OC)C=C2,3000.0,intermediate
MB42,O=C(/C=C/C1=C(OC)C=C(OC)C=C1)C2=C(OC)C(OC)=C(OC)C=C2,16500.0,inactive
MB43,O=C(/C=C/C1=CC=C(C)C=C1)C2=C(OC)C(OC)=C(OC)C=C2,25600.0,inactive
MB44,O=C(/C=C/C1=CC=C(CC)C=C1)C2=C(OC)C(OC)=C(OC)C=C2,16500.0,inactive
MB45,O=C(/C=C/C1=CC(C2=NC(C=CC=C3)=C3C=C2)=CC=C1)C4=C(OC)C(OC)=C(OC)C=C4,2000.0,intermediate
MB46,O=C(/C=C/C1=CC=C(C2=CC=C(C=CC=C3)C3=N2)C=C1)C4=C(OC)C(OC)=C(OC)C=C4,60000.0,inactive
MB47,O=C(/C=C/C1=CC=C(OC)C=C1)C2=C(OC)C(OC)=C(OC)C=C2,25000.0,inactive
MB48,O=C(/C=C/C1=CC=C(F)C=C1)C2=C(OC)C(OC)=C(OC)C=C2,9500.0,intermediate
MB49,O=C(/C=C/C1=CC=C(C2=CC=CC=C2)C=C1)C3=C(OC)C(OC)=C(OC)C=C3,26200.0,inactive
MB50,O=C(/C=C/C1=C(F)C=C(F)C=C1)C2=C(OC)C(OC)=C(OC)C=C2,18500.0,inactive
MB51,O=C(/C=C/C1=CC=C([N+]([O-])=O)C=C1)C2=C(OC)C(OC)=C(OC)C=C2,22500.0,inactive
MB52,O=C(/C=C/C1=CC(Cl)=C(Cl)C=C1)C2=C(OC)C(OC)=C(OC)C=C2,14500.0,inactive
MB53,O=C(/C=C/C1=CC=C(Cl)C=C1)C2=C(OC)C(OC)=C(OC)C=C2,14500.0,inactive
MB54,O=C(/C=C/C1=C(Cl)C=CC=C1)C2=C(OC)C(OC)=C(OC)C=C2,41500.0,inactive
MB55,O=C(/C=C/C1=CC(Cl)=CC=C1)C2=C(OC)C(OC)=C(OC)C=C2,24400.0,inactive
MB56,O=C(/C=C/C1=CC=CC=C1)C2=C(OC)C(OC)=C(OC)C=C2,15800.0,inactive
MB57,O=C(/C=C/C1=C(OC)C=C(OC)C=C1)C2=CC=C(OCCCC)C=C2,108000.0,inactive
MB58,O=C(/C=C/C1=C(Cl)C=C(Cl)C=C1)C2=C(OC)C=C(OC)C=C2,18800.0,inactive
MB59,O=C(/C=C/C1=CC=C(C(F)(F)F)C=C1)C2=C(OC)C=C(OC)C=C2,5900.0,intermediate
MB60,O=C(/C=C/C1=C(F)C=C(F)C=C1)C2=C(OC)C=C(OC)C=C2,6200.0,intermediate
MB61,O=C(/C=C/C1=C(OC)C=C(OC)C=C1)C2=C(OC)C=C(OC)C=C2,2100.0,intermediate
MB62,O=C(/C=C/C1=CC=C([N+]([O-])=O)C=C1)C2=C(OC)C=C(OC)C=C2,415000.0,inactive
MB63,O=C(C1=CC=C(C=C1)OC)/C=C/C2=CC=C(C=C2)N(C)C,70000.0,inactive
MB64,O=C(C1=CC=C(C=C1)OC)/C=C/C2=CC=C(C=C2)C#N,94500.0,inactive
MB65,O=C(C1=CC=C(C=C1)OC)/C=C/C2=CC=CC=C2,55500.0,inactive
MB66,O=C(/C=C/C1=CC=C(CC)C=C1)C2=C(OC)C=C(OC)C=C2,2400.0,intermediate
MB67,O=C(/C=C/C1=CC(C2=NC(C=CC=C3)=C3C=C2)=CC=C1)C4=C(OC)C=C(OC)C=C4,2200.0,intermediate
MB68,O=C(/C=C/C1=CC=C(C2=CC=C(C=CC=C3)C3=N2)C=C1)C4=C(OC)C=C(OC)C=C4,27000.0,inactive
MB69,O=C(C1=C(C=C(C=C1)OC)OC)/C=C/C2=CC=C(C=C2)C,93800.0,inactive
MB70,O=C(C1=C(C=C(C=C1)OC)OC)/C=C/C2=CC=C(C=C2)OC,128500.0,inactive
MB71,O=C(C1=C(C=C(C=C1)OC)OC)/C=C/C2=CC=C(C=C2)N(C)C,55300.0,inactive
MB72,O=C(C1=C(C=C(C=C1)OC)OC)/C=C/C2=CC=C(F)C=C2,322000.0,inactive
MB73,O=C(C1=C(C=C(C=C1)OC)OC)/C=C/C2=CC=C(Cl)C=C2,342000.0,inactive
MB74,O=C(C1=C(C=C(C=C1)OC)OC)/C=C/C2=CC=C(Br)C=C2,542500.0,inactive
MB75,O=C(C1=C(C=C(C=C1)OC)OC)/C=C/C2=CC=C(F)C=C2Cl,600000.0,inactive
MB76,O=C(C1=C(C=C(C=C1)OC)OC)/C=C/C2=CC=C(Cl)C(Cl)=C2,297500.0,inactive
MB77,O=C(C1=C(C=C(C=C1)OC)OC)/C=C/C2=CC=CC3=C2C=CC=C3,320000.0,inactive
MB78,O=C(C1=CC=C(C=C1)OC)/C=C/C2=CC=C(O)C=C2,7000.0,intermediate
MB79,O=C(C1=CC=C(C=C1)OC)/C=C/C2=CC=C(F)C=C2F,26800.0,inactive
MB80,O=C(/C=C/C1=CC=C(C=C1)OC)C2=CC=C(OC)C=C2,21700.0,inactive
MB81,O=C(/C=C/C1=CC(C2=NC(C=CC=C3)=C3C=C2)=CC=C1)C4=CC=C(OC)C=C4,4800.0,intermediate
MB82,O=C(/C=C/C1=CC=C(C2=NC(C=CC=C3)=C3C=C2)C=C1)C4=CC=C(OC)C=C4,43000.0,inactive
MB83,O=C(/C=C/C1=CC=C(F)C=C1)C2=CC=C(OC)C=C2,14400.0,inactive
MB84,O=C(/C=C/C1=C(Cl)C=C(Cl)C=C1)C2=CC=C(OC)C=C2,16000.0,inactive
MB85,O=C(/C=C/C1=CC=C(C(F)(F)F)C=C1)C2=CC=C(OC)C=C2,19000.0,inactive
MB86,O=C(/C=C/C1=C(OC)C=C(OC)C=C1)C2=CC=C(OC)C=C2,6400.0,intermediate
MB87,O=C(/C=C/C1=CC=C(C)C=C1)C2=CC=C(OC)C=C2,70000.0,inactive
MB88,O=C(/C=C/C1=CC=C([N+]([O-])=O)C=C1)C2=CC=C(OC)C=C2,100000.0,inactive
MB89,O=C(/C=C/C1=C(F)C=C(F)C=C1)C2=CC=C(OCC)C=C2,28100.0,inactive
MB90,O=C(/C=C/C1=CC=C(OC)C=C1)C2=CC=C(OCC)C=C2,33000.0,inactive
MB91,O=C(/C=C/C1=CC(C2=NC(C=CC=C3)=C3C=C2)=CC=C1)C4=CC=C(OCC)C=C4,24900.0,inactive
MB92,O=C(/C=C/C1=CC=C(C2=NC(C=CC=C3)=C3C=C2)C=C1)C4=CC=C(OCC)C=C4,100000.0,inactive
MB93,O=C(/C=C/C1=CC=C(F)C=C1)C2=CC=C(OCC)C=C2,24100.0,inactive
MB94,O=C(/C=C/C1=C(Cl)C=C(Cl)C=C1)C2=CC=C(OCC)C=C2,96000.0,inactive
MB95,O=C(/C=C/C1=CC=C(C(F)(F)F)C=C1)C2=CC=C(OCC)C=C2,24000.0,inactive
MB96,O=C(/C=C/C1=C(OC)C=C(OC)C=C1)C2=CC=C(OCC)C=C2,30000.0,inactive
MB97,O=C(/C=C/C1=CC=C(C)C=C1)C2=CC=C(OCC)C=C2,38000.0,inactive
MB98,O=C(/C=C/C1=CC=C([N+]([O-])=O)C=C1)C2=CC=C(OCC)C=C2,39000.0,inactive
MB99,O=C(/C=C/C1=CC=C(N(C)C)C=C1)C2=CC=C(OCC)C=C2,30000.0,inactive
MB100,O=C(/C=C/C1=CC=C(C#N)C=C1)C2=CC=C(OCC)C=C2,540000.0,inactive
MB101,O=C(/C=C/C1=CC=CC=C1)C2=CC=C(OCC)C=C2,43000.0,inactive
MB102,O=C(/C=C/C1=C(Cl)C=C(Cl)C=C1)C2=CC=C(O)C=C2O,68500.0,inactive
MB103,O=C(/C=C/C1=CC(C2=NC(C=CC=C3)=C3C=C2)=CC=C1)C4=CC=C(O)C=C4O,16100.0,inactive
MB104,O=C(/C=C/C1=C(F)C=C(F)C=C1)C2=CC=C(O)C=C2O,16000.0,inactive
MB105,O=C(/C=C/C1=C(OC)C=C(OC)C=C1)C2=CC=C(O)C=C2O,56400.0,inactive
MB106,O=C(/C=C/C1=C2C(C=CC=C2)=CC=C1)C3=CC=C(O)C=C3O,24800.0,inactive
MB107,O=C(/C=C/C1=CC=C(C(F)(F)F)C=C1)C2=CC=C(O)C=C2O,26500.0,inactive
MB108,O=C(/C=C/C1=C(C2=NC=CC=C2)C=CC=C1)C3=CC=C(O)C=C3O,19700.0,inactive
MB109,O=C(C1=CC=C(C=C1O)O)/C=C/C2=CC=CC=C2C3=C(C=CC=C4)C4=CC=C3,20000.0,inactive
MB110,O=C(C1=CC=C(C=C1O)O)/C=C/C2=CC=C(C3=NC=CC=C3)C=C2,121600.0,inactive
MB111,O=C(C1=CC=C(C=C1O)O)/C=C/C2=CC=C(C3=NC(C=CC=C4)=C4C=C3)C=C2,92800.0,inactive
MB112,O=C(C1=CC=C(C=C1O)O)/C=C/C2=CC=C(Cl)C=C2,12300.0,inactive
MB113,O=C(C1=CC=C(C=C1)O)/C=C/C2=CC=CC3=C2C=CC=C3,39900.0,inactive
MB114,O=C(C1=CC=C(C=C1)O)/C=C/C2=CC=CC(C3=NC(C=CC=C4)=C4C=C3)=C2,41000.0,inactive
MB115,O=C(C1=CC=C(C=C1)O)/C=C/C2=CC=CC=C2C3=NC=CC=C3,16300.0,inactive
MB116,O=C(C1=CC=C(C=C1)O)/C=C/C2=CC=C(C3=NC(C=CC=C4)=C4C=C3)C=C2,51000.0,inactive
MB117,O=C(C1=CC=C(C=C1)O)/C=C/C2=CC=CC=C2C3=C(C=CC=C4)C4=CC=C3,27500.0,inactive
MB118,O=C(C1=CC=C(C=C1)O)/C=C/C2=CC=C(Cl)C=C2,38000.0,inactive
MB119,O=C(C1=CC=C(C=C1)O)/C=C/C2=CC=CC=C2Cl,61700.0,inactive
MB120,O=C(C1=CC=C(C=C1)O)/C=C/C2=CC=CC(Cl)=C2,33100.0,inactive
MB121,O=C(C1=CC=C(C=C1)O)/C=C/C2=CC=C(OC)C=C2,32200.0,inactive
MB122,O=C(C1=CC=C(C=C1)O)/C=C/C2=CC=C(C)C=C2,25400.0,inactive
MB123,O=C(C1=CC=C(C=C1)O)/C=C/C2=CC=CC(C)=C2,25800.0,inactive
MB124,O=C(C1=CC=C(C=C1)O)/C=C/C2=CC=C(CCCC)C=C2,20900.0,inactive
MB125,O=C(C1=CC=C(C=C1)O)/C=C/C2=CC=C(C(F)(F)F)C=C2,30400.0,inactive
MB126,O=C(C1=CC=C(C=C1)O)/C=C/C2=CC=C([N+]([O-])=O)C=C2,20400.0,inactive
MB127,O=C(C1=CC=C(C=C1)O)/C=C/C2=CC=C(F)C=C2,21700.0,inactive
MB128,O=C(C1=CC=C(C=C1)O)/C=C/C2=CC=C(Cl)C(Cl)=C2,18400.0,inactive
MB129,O=C(C1=CC=C(C=C1)O)/C=C/C2=CC=C(N(C)C)C=C2,17700.0,inactive
MB130,O=C(C1=CC=C(C=C1)O)/C=C/C2=CC=C(Cl)C=C2Cl,24500.0,inactive
MB131,O=C(C1=CC=C(C=C1)O)/C=C/C2=CC=CC=C2,29600.0,inactive
MB132,O=C(C1=CC=CC=C1O)/C=C/C2=C(Cl)C=C(Cl)C=C2,35450.0,inactive
MB133,O=C(C1=CC=CC=C1O)/C=C/C2=CC=C(N(C)C)C=C2,188000.0,inactive
MB134,O=C(C1=CC=CC=C1O)/C=C/C2=CC(C3=NC(C=CC=C4)=C4C=C3)=CC=C2,28000.0,inactive
MB135,O=C(C1=CC=CC=C1O)/C=C/C2=CC=C(Cl)C=C2,12850.0,inactive
MB136,O=C(C1=CC=CC=C1O)/C=C/C2=CC=C(C)C=C2,62500.0,inactive
MB137,O=C(C1=CC=CC=C1O)/C=C/C2=CC=C(OC)C=C2,61500.0,inactive
MB138,O=C(C1=CC=CC=C1O)/C=C/C2=C(OC)C=C(OC)C=C2,25500.0,inactive
MB139,O=C(C1=CC=CC=C1O)/C=C/C2=CC=C(C(F)(F)F)C=C2,35500.0,inactive
MB140,O=C(C1=CC=CC=C1O)/C=C/C2=CC=C(F)C=C2,47000.0,inactive
MB141,O=C(C1=CC=CC=C1O)/C=C/C2=C(C3=NC=CC=C3)C=CC=C2,31000.0,inactive
MB142,O=C(C1=CC=CC=C1O)/C=C/C2=C3C(C=CC=C3)=CC=C2,32500.0,inactive
MB143,O=C(C1=CC=CC=C1O)/C=C/C2=C(C3=C(C=CC=C4)C4=CC=C3)C=CC=C2,29500.0,inactive
MB149,O=C(/C=C/C1=CC2=C(C=C(OC)C(OC)=C2)N=C1Cl)C3=CC=CC=C3,20000.0,inactive
MB150,O=C(/C=C/C1=CC2=C(C=C(OC)C(OC)=C2)N=C1Cl)C3=CC=C(C)C=C3,50000.0,inactive
MB151,O=C(/C=C/C1=CC2=C(C=C(OC)C(OC)=C2)N=C1Cl)C3=CC=C(Br)C=C3,70000.0,inactive
MB153,O=C(/C=C/C1=CC2=C(C=C(OC)C(OC)=C2)N=C1Cl)C3=CC=C(OC)C=C3OC,40000.0,inactive
MB154,O=C(/C=C/C1=CC2=C(C=C(OC)C(OC)=C2)N=C1Cl)C3=CC(OC)=CC=C3OC,40000.0,inactive
MB155,O=C(/C=C/C1=CC2=C(C=C(OC)C(OC)=C2)N=C1Cl)C3=C(OC)C=CC=C3OC,100000.0,inactive
MB161,O=C(/C(OC1=CC=C(/C=N\NC2=C(C=CC(Cl)=C3)C3=NC=C2)C=C1)=C\C4=CC=CC=C4)C5=CC=C(Cl)C=C5,78.77,active
MB162,O=C(/C(OC1=CC=C(/C=N\NC2=C(C=CC(Cl)=C3)C3=NC=C2)C=C1)=C\C4=CC=C(C)C=C4)C5=CC=C(Cl)C=C5,111.68,active
MB163,O=C(/C(OC1=CC=C(/C=N\NC2=C(C=CC(Cl)=C3)C3=NC=C2)C=C1)=C\C4=CC=C(OC)C=C4)C5=CC=C(Cl)C=C5,48.09,active
MB164,O=C(/C(OC1=CC=C(/C=N\NC2=C(C=CC(Cl)=C3)C3=NC=C2)C=C1)=C\C4=C(OC)C=CC(OC)=C4)C5=CC=C(Cl)C=C5,250.41,active
MB165,O=C(/C(OC1=CC=C(/C=N\NC2=C(C=CC(Cl)=C3)C3=NC=C2)C=C1)=C\C4=CC=C(OC)C(OC)=C4)C5=CC=C(Cl)C=C5,84.03,active
MB166,O=C(/C(OC1=CC=C(/C=N\NC2=C(C=CC(Cl)=C3)C3=NC=C2)C=C1)=C\C4=C(OC)C(OC)=C(OC)C=C4)C5=CC=C(Cl)C=C5,123.5,active
MB167,O=C(/C(OC1=CC=C(/C=N\NC2=C(C=CC(Cl)=C3)C3=NC=C2)C=C1)=C\C4=C(OC)C=C(OC)C(OC)=C4)C5=CC=C(Cl)C=C5,90.49,active
MB168,O=C(/C(OC1=CC=C(/C=N\NC2=C(C=CC(Cl)=C3)C3=NC=C2)C=C1)=C\C4=CC(OC)=C(OC)C(OC)=C4)C5=CC=C(Cl)C=C5,95.31,active
MB169,O=C(/C(OC1=CC=C(/C=N\NC2=C(C=CC(Cl)=C3)C3=NC=C2)C=C1)=C\C4=COC=C4)C5=CC=C(Cl)C=C5,57.3,active
MB170,O=C(/C(OC1=CC=C(/C=N\NC2=C(C=CC(Cl)=C3)C3=NC=C2)C=C1)=C\C4=CC=C(F)C=C4)C5=CC=C(Cl)C=C5,29.06,active
MB171,O=C(/C(OC1=CC=C(/C=N\NC2=C(C=CC(Cl)=C3)C3=NC=C2)C=C1)=C\C4=CC=C(Cl)C=C4)C5=CC=C(Cl)C=C5,144.69,active
MB172,O=C(/C(OC1=CC=C(/C=N\NC2=C(C=CC(Cl)=C3)C3=NC=C2)C=C1)=C\C4=C(F)C=C(F)C=C4)C5=CC=C(Cl)C=C5,138.81,active
MB173,O=C(/C(OC1=CC=C(/C=N\NC2=C(C=CC(Cl)=C3)C3=NC=C2)C=C1)=C\C4=C(Cl)C=C(Cl)C=C4)C5=CC=C(Cl)C=C5,295.42,active
MB174,O=C(/C(OC1=CC=C(/C=N\NC2=C(C=CC(Cl)=C3)C3=NC=C2)C=C1)=C\C4=CC([N+]([O-])=O)=CC=C4)C5=CC=C(Cl)C=C5,128.12,active
MB176,O=C1C(C)=CC(/C=C/C(C2=CC=C(C)C=C2)=O)=C/C1=C\NCCNC3=CC=NC4=CC(Cl)=CC=C34,20.14,active
MB177,O=C1C(C)=CC(/C=C/C(C2=CC=C(O)C=C2)=O)=C/C1=C\NCCNC3=CC=NC4=CC(Cl)=CC=C34,7.46,active
MB178,O=C1C(C)=CC(/C=C/C(C2=CC=C(OC)C=C2)=O)=C/C1=C\NCCNC3=CC=NC4=CC(Cl)=CC=C34,33.34,active
MB179,O=C1C(C)=CC(/C=C/C(C2=CC=C(F)C=C2)=O)=C/C1=C\NCCNC3=CC=NC4=CC(Cl)=CC=C34,22.23,active
MB180,O=C1C(C)=CC(/C=C/C(C2=CC=C(Cl)C=C2)=O)=C/C1=C\NCCNC3=CC=NC4=CC(Cl)=CC=C34,44.03,active
MB181,O=C1C(C)=CC(/C=C/C(C2=CC=C(Br)C=C2)=O)=C/C1=C\NCCNC3=CC=NC4=CC(Cl)=CC=C34,34.34,active
MB182,O=C1C(C)=CC(/C=C/C(C2=CC(OC)=C(OC)C(OC)=C2)=O)=C/C1=C\NCCNC3=CC=NC4=CC(Cl)=CC=C34,19.06,active
MB183,O=C1C(C)=CC(/C=C/C(C2=CC=CS2)=O)=C/C1=C\NCCNC3=CC=NC4=CC(Cl)=CC=C34,20.48,active
MB184,O=C1C(C(C)CC)=CC(/C=C/C(C2=CC=C(C)C=C2)=O)=C/C1=C\NCCNC3=CC=NC4=CC(Cl)=CC=C34,25.9,active
MB185,O=C1C(C(C)CC)=CC(/C=C/C(C2=CC=C(O)C=C2)=O)=C/C1=C\NCCNC3=CC=NC4=CC(Cl)=CC=C34,41.71,active
MB186,O=C1C(C(C)CC)=CC(/C=C/C(C2=CC=C(OC)C=C2)=O)=C/C1=C\NCCNC3=CC=NC4=CC(Cl)=CC=C34,33.68,active
MB187,O=C1C(C(C)CC)=CC(/C=C/C(C2=CC=C(Cl)C=C2)=O)=C/C1=C\NCCNC3=CC=NC4=CC(Cl)=CC=C34,32.77,active
MB188,O=C1C(C(C)CC)=CC(/C=C/C(C2=CC=CO2)=O)=C/C1=C\NCCNC3=CC=NC4=CC(Cl)=CC=C34,14.12,active
MB189,O=C1C(C(C)CC)=CC(/C=C/C(C2=CC=CS2)=O)=C/C1=C\NCCNC3=CC=NC4=CC(Cl)=CC=C34,17.56,active
MB190,O=C1C(C(C)(C)C)=CC(/C=C/C(C2=CC=C(F)C=C2)=O)=C/C1=C\NCCNC3=CC=NC4=CC(Cl)=CC=C34,13.56,active
MB191,O=C1C(C(C)(C)C)=CC(/C=C/C(C2=CC=C(Cl)C=C2)=O)=C/C1=C\NCCNC3=CC=NC4=CC(Cl)=CC=C34,51.54,active
MB192,O=C1C(C(C)(C)C)=CC(/C=C/C(C2=CC=C(Br)C=C2)=O)=C/C1=C\NCCNC3=CC=NC4=CC(Cl)=CC=C34,7.85,active
MB193,O=C1C(C)=CC(/C=C/C(C2=CC=C(O)C=C2)=O)=C/C1=C\NCCCNC3=CC=NC4=CC(Cl)=CC=C34,59.42,active
MB194,O=C1C(C)=CC(/C=C/C(C2=CC=C(OC)C=C2)=O)=C/C1=C\NCCCNC3=CC=NC4=CC(Cl)=CC=C34,75.4,active
MB195,O=C1C(C)=CC(/C=C/C(C2=CC=C(Cl)C=C2)=O)=C/C1=C\NCCCNC3=CC=NC4=CC(Cl)=CC=C34,82.67,active
MB196,O=C1C(C(C)CC)=CC(/C=C/C(C2=CC=C(O)C=C2)=O)=C/C1=C\NCCCNC3=CC=NC4=CC(Cl)=CC=C34,78.29,active
MB197,O=C1C(C(C)CC)=CC(/C=C/C(C2=CC=C(OC)C=C2)=O)=C/C1=C\NCCCNC3=CC=NC4=CC(Cl)=CC=C34,75.23,active
MB198,O=C1C(C(C)CC)=CC(/C=C/C(C2=CC=C(Cl)C=C2)=O)=C/C1=C\NCCCNC3=CC=NC4=CC(Cl)=CC=C34,74.8,active
MB199,O=C1C(C)=CC(/C=C/C(C2=CC=C(OC)C=C2)=O)=C/C1=C\NC(C=C3)=CC=C3NC4=CC=NC5=CC(Cl)=CC=C45,365.94,active
MB200,O=C1C(C)=CC(/C=C/C(C2=CC=C(F)C=C2)=O)=C/C1=C\NC(C=C3)=CC=C3NC4=CC=NC5=CC(Cl)=CC=C45,299.06,active
MB201,O=C1C(C(CC)C)=CC(/C=C/C(C2=CC=CO2)=O)=C/C1=C\NC(C=C3)=CC=C3NC4=CC=NC5=CC(Cl)=CC=C45,145.45,active
MB202,O=C1C(C(C)(C)C)=CC(/C=C/C(C2=CC=C(Cl)C=C2)=O)=C/C1=C\NC(C=C3)=CC=C3NC4=CC=NC5=CC(Cl)=CC=C45,638.84,active
MB204,O=C(C1=CC=C(OC)C=C1O)/C=C/C2=CC=C(N(CC)CC)C=C2,7280.0,intermediate
MB205,O=C(C1=CC=C(OC)C=C1O)/C=C/C2=CC=C(O)C(O)=C2,590.0,active
MB206,O=C(C1=CC=C(Cl)C=C1)/C=C/C2=CC=C(O)C(OC)=C2,25840.0,inactive
MB207,O=C(C1=CC=C(Cl)C=C1)/C=C/C2=CC=C(OCC=C)C(OC)=C2,5260.0,intermediate
MB208,O=C(C1=CC=C(Cl)C=C1)/C=C/C2=CC=C(OC)C(OC)=C2,7300.0,intermediate
MB209,O=C(C1=CC=C(OC)C(OC)=C1)/C=C/C2=CC=C(OC)C(OC)=C2,5360.0,intermediate
MB210,O=C(C1=CC=C(OC)C(OC)=C1)/C=C/C2=CC(OC)=C(OC)C(Cl)=C2,11380.0,inactive
MB211,O=C(/C=C/C1=CC(OC)=C(OC)C(OC)=C1)C2=CC3=CC=CC=C3OC2=O,8460.0,intermediate
MB212,O=C(/C=C/C1=CC=C(O)C(OC)=C1)C2=CC3=CC=CC=C3OC2=O,34120.0,inactive
MB213,O=C(/C=C/C1=CC=C(OC)C(OC)=C1)C2=CC3=CC=CC=C3OC2=O,79380.0,inactive
MB215,O=C(/C=C/C1=CC(OC)=CC=C1OC)C2=CC3=CC=CC=C3OC2=O,8020.0,intermediate
MB216,O=C(/C=C/C1=CC=C(OC)C(OC)=C1OC)C2=CC3=CC=CC=C3OC2=O,9210.0,intermediate
MB219,O=C(/C=C/C1=CC=CC=C1Cl)C2=C(O)C3=C(C=C2)OC(C=C3C)=O,58690.0,inactive
MB222,O=C(/C=C/C1=CC=C(Cl)C=C1)C2=CC=C(N3C4=CC=CC=C4N=N3)C=C2,6940.0,intermediate
MB223,O=C(/C=C/C1=CC=C(Cl)C=C1)C2=CC=C(N3C=CC=N3)C=C2,25130.0,inactive
MB224,O=C(/C=C/C1=CC=C(Cl)C=C1)C2=CC=C(N3CCCC3)C=C2,19270.0,inactive
MB225,O=C(/C=C/C1=CC=C(Cl)C=C1)C2=CC=C(N3CCOCC3)C=C2,27750.0,inactive
MB226,O=C(/C=C/C1=CC=C(Cl)C=C1)C2=CC=C(N3C=CN=C3)C=C2,26750.0,inactive
MB227,O=C(/C=C/C1=CC=C(Cl)C=C1)C2=CC=C(N3N=CN=C3)C=C2,4900.0,intermediate
MB228,O=C(/C=C/C1=CC=C(Cl)C=C1)C2=CC=C(N3CCCCC3)C=C2,15800.0,inactive
MB229,O=C(/C=C/C1=CC=C(OC)C=C1)C2=CC=C(N3N=CC=C3)C=C2,40510.0,inactive
MB230,O=C(/C=C/C1=CC=C(OC)C=C1)C2=CC=C(N3N=NC4=C3C=CC=C4)C=C2,19130.0,inactive
MB231,O=C(/C=C/C1=CC(OC)=C(OC)C(OC)=C1)C2=CC=C(N3CCCCC3)C=C2,18760.0,inactive
MB232,O=C(/C=C/C1=CC(OC)=C(OC)C(OC)=C1)C2=CC=C(N3C=CC=N3)C=C2,16460.0,inactive
MB233,O=C(/C=C/C1=CC(OC)=C(OC)C(OC)=C1)C2=CC=C(N3CCOCC3)C=C2,11990.0,inactive
MB234,O=C(/C=C/C1=CC(OC)=C(OC)C(OC)=C1)C2=CC=C(N3C=NC=N3)C=C2,21970.0,inactive
MB235,CC1=CSC2=NC(/C=C\C3=CC=CC=C3)=C(C(/C=C/C4=CC=CC=C4)=O)C(C5=CC=CC=C5)N21,1230.0,intermediate
MB236,CC1=CSC2=NC(/C=C\C3=CC=C(Cl)C=C3)=C(C(/C=C/C4=CC=C(Cl)C=C4)=O)C(C5=CC=CC=C5)N21,9720.0,intermediate
MB237,O=C(C1=C(/C=C/C2=CC=CC(Cl)=C2)N=C(SC=C3C)N3C1C4=CC=CC=C4)/C=C/C5=CC=CC(Cl)=C5,1490.0,intermediate
MB238,O=C(C1=C(/C=C/C2=C(Cl)C=CC=C2)N=C(SC=C3C)N3C1C4=CC=CC=C4)/C=C/C5=CC=CC=C5Cl,1050.0,intermediate
MB239,O=C(C1=C(/C=C/C2=CC=C(Br)C=C2)N=C(SC=C3C)N3C1C4=CC=CC=C4)/C=C/C5=CC=C(Br)C=C5,8700.0,intermediate
MB240,O=C(C1=C(/C=C/C2=CC=C(F)C=C2)N=C(SC=C3C)N3C1C4=CC=CC=C4)/C=C/C5=CC=C(F)C=C5,5390.0,intermediate
MB241,O=C(C1=C(/C=C/C2=CC=C(OC)C=C2)N=C(SC=C3C)N3C1C4=CC=CC=C4)/C=C/C5=CC=C(OC)C=C5,4200.0,intermediate
MB242,O=C(C1=C(/C=C/C2=CC=C(OCC3=CC=CC=C3)C=C2)N=C(SC=C4C)N4C1C5=CC=CC=C5)/C=C/C6=CC=C(OCC7=CC=CC=C7)C=C6,36440.0,inactive
MB243,O=C(C1=C(/C=C/C2=CC(OC)=C(OC)C(OC)=C2)N=C(SC=C3C)N3C1C4=CC=CC=C4)/C=C/C5=CC(OC)=C(OC)C(OC)=C5,780.0,active
MB244,O=C(C1=C(/C=C/C2=CC=C(OCO3)C3=C2)N=C(SC=C4C)N4C1C5=CC=CC=C5)/C=C/C6=CC=C(OCO7)C7=C6,9240.0,intermediate
MB245,O=C(C1=C(/C=C/C2=CC=CC=C2)N=C(SC=C3C)N3C1C4=CC=C(OC)C=C4)/C=C/C5=CC=CC=C5,4300.0,intermediate
MB246,O=C(C1=C(/C=C/C2=CC=C(Cl)C=C2)N=C(SC=C3C)N3C1C4=CC=C(OC)C=C4)/C=C/C5=CC=C(Cl)C=C5,9470.0,intermediate
MB247,O=C(C1=C(/C=C/C2=CC=C(F)C=C2)N=C(SC=C3C)N3C1C4=CC=C(OC)C=C4)/C=C/C5=CC=C(F)C=C5,9770.0,intermediate
MB248,O=C(C1=C(/C=C/C2=CC=C(OCO3)C3=C2)N=C(SC=C4C)N4C1C5=CC=C(OC)C=C5)/C=C/C6=CC=C(OCO7)C7=C6,6800.0,intermediate
MB249,O=C(C1=C(/C=C/C2=CC=CS2)N=C(SC=C3C)N3C1C4=CC=C(OC)C=C4)/C=C/C5=CC=CS5,10280.0,inactive
MB250,O=C(C1=C(/C=C\C2=CC(OC)=C(OC)C(OC)=C2)N=C(SC=C3C)N3C1C4=CC(OC)=C(OC)C(OC)=C4)/C=C/C5=CC(OC)=C(OC)C(OC)=C5,9330.0,intermediate
MB251,O=C(C1=C(/C=C/C2=CC=C(OC)C=C2)N=C(SC=C3C)N3C1C4=CC(OC)=C(OC)C(OC)=C4)/C=C/C5=CC=C(OC)C=C5,2570.0,intermediate
MB252,O=C(C1=C(/C=C/C2=CC=CC=C2)N=C(SC=C3C)N3C1C4=CC=C(Cl)C=C4)/C=C/C5=CC=CC=C5,1010.0,intermediate
MB253,O=C(C1=C(/C=C/C2=CC=CC=C2Cl)N=C(SC=C3C)N3C1C4=CC=C(Cl)C=C4)/C=C/C5=CC=CC=C5Cl,10460.0,inactive
MB254,O=C(C1=C(/C=C/C2=CC=CC(Cl)=C2)N=C(SC=C3C)N3C1C4=CC=C(Cl)C=C4)/C=C/C5=CC=CC(Cl)=C5,3980.0,intermediate
MB255,O=C(C1=C(/C=C/C2=CC=C(Cl)C=C2)N=C(SC=C3C)N3C1C4=CC=C(Cl)C=C4)/C=C/C5=CC=C(Cl)C=C5,1500.0,intermediate
MB256,O=C(C1=C(/C=C/C2=CC=C(Br)C=C2)N=C(SC=C3C)N3C1C4=CC=C(Cl)C=C4)/C=C/C5=CC=C(Br)C=C5,2010.0,intermediate
MB257,O=C(C1=C(/C=C/C2=CC=C(OCC3=CC=CC=C3)C=C2)N=C(SC=C4C)N4C1C5=CC=C(Cl)C=C5)/C=C/C6=CC=C(OCC7=CC=CC=C7)C=C6,9860.0,intermediate
MB258,O=C(C1=CC=C(OC)C=C1)/C=C/C2=CC=C(Cl)C=C2,88000.0,inactive
MB260,O=C(C1=CC=C([N+]([O-])=O)C=C1)/C=C/C2=CC=CS2,169900.0,inactive
MB261,O=C(C1=CC=C(OCO2)C2=C1)/C=C/C3=CC=C(Cl)C=C3,97900.0,inactive
MB262,O=C(C1=CC=C(O)C=C1)/C=C/C2=CC=C(Cl)C=C2,30000.0,inactive
MB263,O=C(C1=CC=C(OCC=C)C=C1)/C=C/C2=CC=C(Cl)C=C2,75000.0,inactive
MB264,O=C(C1=CC=C(Cl)C=C1)/C=C/C2=CC=C(Cl)C=C2,65000.0,inactive
MB265,O=C(C1=CC=C(Br)C=C1)/C=C/C2=CC=C(Cl)C=C2,50000.0,inactive
MB266,O=C(C1=CC=C([N+]([O-])=O)C=C1)/C=C/C2=CC=C(Cl)C=C2,78000.0,inactive
MB268,O=C(C1=CC=C(Cl)C=C1)/C=C/C2=CC=C(OC)C=C2,28800.0,inactive
MB269,O=C(C1=CC=C(Cl)C=C1)/C=C/C2=CC=C(OC)C=C2OC,6000.0,intermediate
MB270,O=C(C)/C=C/C1=CC=C(OC)C=C1OC,48500.0,inactive
MB271,O=C(C1=CC=C(Cl)C=C1)/C=C/C2=C(OC)C=C(OC)C(OC)=C2,4000.0,intermediate
MB272,O=C(C1=CC=C(Cl)C=C1)/C=C/C2=C(OC)C=C(OC)C=C2OC,8000.0,intermediate
MB273,O=C(C1=CC=C(Cl)C=C1)/C=C/C2=CC(OC)=C(OC)C(OC)=C2,4600.0,intermediate
MB274,O=C(C1=CC=C(Br)C=C1)/C=C(C2=CN(CC=C)C3=C2C=CC=C3)/C4=C(OC)C=C(OC)C(OC)=C4,17500.0,inactive
MB275,O=C(C1=CC=C(OC)C=C1)/C=C/C2=CC(OC)=C(OC)C=C2OC,11500.0,inactive
MB276,O=C(C1=CC=C(OC)C(OC)=C1OC)/C=C/C2=CC(OC)=C(OC)C=C2OC,7800.0,intermediate
MB279,O=C(C1=CC=C(I)C=C1)/C=C/C2=CC(OC)=C(OC)C=C2OC,2000.0,intermediate
MB280,O=C(C1=CC=C(Br)C=C1)/C=C/C2=CC(OC)=C(OC)C=C2OC,1800.0,intermediate
MB282,O=C(C1=CC=C(C2=CC=C(Br)C=C2)C=C1)/C=C/C3=CC(OC)=C(OC)C=C3OC,47000.0,inactive
MB283,COC1=CC=C(C(/C=C/C2=CC=C(O/N=C(C)/OCC)C=C2)=O)C=C1,47100.0,inactive
MB284,O=C(/C=C/C1=CC=C(O/N=C(C)/OCC)C=C1)C2=CC=CC=C2,96900.0,inactive
MB286,CC1=CC=C(C(/C=C/C2=CC=C(O/N=C(C)/OCC)C=C2)=O)C=C1,102000.0,inactive
MB287,O=C(/C=C/C1=CC=C(O/N=C(C)/OCC)C=C1)C2=CC=CC=C2OC,41250.0,inactive
MB288,O=C(/C=C/C1=CC=C(O/N=C(C)/OCC)C=C1)C2=C(C)C=CC=C2,43290.0,inactive
MB290,O=C(/C=C/C1=CC=C(O/N=C(C)/OCC)C=C1)C2=CC=C(OC)C=C2OC,43310.0,inactive
MB291,O=C(/C=C/C1=CC=C(O/N=C(C)/OCC)C=C1)C2=CC(O)=CC=C2,46100.0,inactive
MB293,O=C(/C=C/C1=CC=C(O/N=C(C)/OCC)C=C1)C2=C(C=CC=C3)C3=CC=C2,33380.0,inactive
MB295,O=C(/C=C/C1=CC=CC=C1)C2=CC=C(O/N=C(OCC)\C)C=C2,96970.0,inactive
MB296,O=C(/C=C/C1=CC=C(C)C=C1)C2=CC=C(O/N=C(OCC)\C)C=C2,80390.0,inactive
MB297,O=C(/C=C/C1=CC=C(OC)C=C1)C2=CC=C(O/N=C(OCC)\C)C=C2,82500.0,inactive
MB298,O=C(/C=C/C1=CC=C(OC2=CC=CC=C2)C=C1)C3=CC=C(O/N=C(OCC)\C)C=C3,28880.0,inactive
MB299,O=C(/C=C/C1=CC=CC=C1OC)C2=CC=C(O/N=C(OCC)\C)C=C2,76600.0,inactive
MB300,O=C(/C=C/C1=CC=CC(OC)=C1)C2=CC=C(O/N=C(OCC)\C)C=C2,41250.0,inactive
MB301,O=C(/C=C/C1=CC(OC)=CC=C1OC)C2=CC=C(O/N=C(OCC)\C)C=C2,16240.0,inactive
MB302,O=C(/C=C/C1=CC=C(OC)C(OC)=C1)C2=CC=C(O/N=C(OCC)\C)C=C2,37890.0,inactive
MB304,O=C(/C=C/C1=CC(OC)=C(OC)C(OC)=C1)C2=CC=C(O/N=C(OCC)\C)C=C2,30000.0,inactive
MB308,O=C(/C=C/C1=CC=CS1)C2=CC=C(O/N=C(OCC)\C)C=C2,88770.0,inactive
MB310,O=C(/C=C/C1=CC=C(O/N=C(OCC)\C)C=C1)C2=CC=C(O/N=C(OCC)\C)C=C2,63340.0,inactive
MB311,O=C(C1=CC=C(O)C=C1)/C=C/C2=CC(CC=C)=C(O)C(OC)=C2,38500.0,inactive
MB312,O=C(C1=CC=C(Cl)C=C1)/C=C/C2=CC(CC=C)=C(O)C(OC)=C2,28000.0,inactive
MB313,O=C(C1=CC=C(Cl)C=C1)/C=C/C2=CC(CC=C)=C(OC)C(OC)=C2,3900.0,intermediate
MB314,O=C(C1=CC=C(OC)C=C1)/C=C/C2=CC(CC=C)=C(OC)C(OC)=C2,4300.0,intermediate
MB315,O=C(C1=CC=C(OCO2)C2=C1)/C=C/C3=CC(CC=C)=C(OC)C(OC)=C3,4700.0,intermediate
MB316,O=C(C1=CC=C(Br)C=C1)/C=C/C2=CC(CC=C)=C(OC)C(OC)=C2,5300.0,intermediate
MB317,O=C(C1=CC=C([N+]([O-])=O)C=C1)/C=C/C2=CC(CC=C)=C(OC)C(OC)=C2,12500.0,inactive
MB318,O=C(C1=CC=C(Cl)C=C1)/C=C/C2=CC(CC=C)=C(OCC=C)C(OC)=C2,7800.0,intermediate
MB320,O=C(C1=CC=C(Cl)C(Cl)=C1)/C=C/C2=CC=C(OCC=C)C(OC)=C2,10000.0,inactive
MB321,O=C(C1=CC=C(Br)C=C1)/C=C/C2=CC=C(OCC=C)C(OC)=C2,8100.0,intermediate
MB322,O=C(C1=CC=C(I)C=C1)/C=C/C2=CC=C(OCC=C)C(OC)=C2,8500.0,intermediate
MB323,O=C(C1=CC=C(F)C=C1)/C=C/C2=CC=C(OCC=C)C(OC)=C2,23000.0,inactive
MB324,O=C(C1=CC=CC(Cl)=C1)/C=C/C2=CC=C(OCC=C)C(OC)=C2,5300.0,intermediate
MB325,O=C(C1=CC=C(OC)C=C1)/C=C/C2=CC=C(OCC=C)C(OC)=C2,22500.0,inactive
MB326,O=C(C1=CC=C(OCO2)C2=C1)/C=C/C3=CC=C(OCC=C)C(OC)=C3,38500.0,inactive
MB328,O=C(C1=CC=C(N)C=C1)/C=C/C2=CC=C(OCC=C)C(OC)=C2,36000.0,inactive
MB329,O=C(C1=CC=CC=C1)/C=C/C2=CC=C(OCC=C)C(OC)=C2,38000.0,inactive
MB330,O=C(C1=CC=C(OCC=C)C=C1)/C=C/C2=CC=C(OCC=C)C(OC)=C2,7400.0,intermediate
MB331,O=C(C1=CC=C(Cl)C=C1)/C=C/C2=CC=CC(OC)=C2OCC=C,12500.0,inactive
MB332,O=C(C1=CC=C(Cl)C=C1)/C=C/C2=CC=C(OC)C(OCC=C)=C2,18000.0,inactive
MB334,O=C(C1=CC=C(Cl)C=C1)/C=C/C2=CC=C(OC/C=C(C)/C)C(OC)=C2,5000.0,intermediate
MB335,O=C(C1=CC=C(Cl)C=C1)/C=C/C2=CC=C(OCCCC)C(OC)=C2,14800.0,inactive
MB336,O=C(C1=CC=C(Cl)C=C1)/C=C/C2=CC=C(OCC3=CC=C(Br)C=C3)C(OC)=C2,8000.0,intermediate
MB337,O=C(C1=CC=C(Cl)C=C1)/C=C/C2=CC(OC)=C(OCC=C)C(OC)=C2,3800.0,intermediate
MB338,O=C(C1=CC=C(Cl)C=C1)/C=C/C2=CC=C(OCC=C)C=C2,43000.0,inactive
MB339,O=C(C1=CC=C(Cl)C=C1)/C=C/C2=CC=CC=C2OCC=C,9000.0,intermediate
MB340,O=C(C1=CC=C(Cl)C=C1)/C=C/C2=CC=C(OCC=C)C(OCC)=C2,28000.0,inactive
MB341,O=C(C1=CC=C(Cl)C=C1)/C=C/C2=CC=C(OCC=C)C(OCC=C)=C2,3400.0,intermediate
MB342,O=C(C1=CC=C(OCC=C)C(OC)=C1)/C=C/C2=CC=C(Cl)C=C2,8600.0,intermediate
MB343,O=C(C1=CC=CO1)/C=C/C2=CC=C(OCC=C)C(OC)=C2,95000.0,inactive
MB344,O=C1C(C(/C=C/C2=CC=C(OCC=C)C(OC)=C2)=O)=CC3=C(O1)C=CC=C3,100000.0,inactive
MB346,O=C(C1=CC=CN1)/C=C/C2=CC=C(OCC=C)C(OC)=C2,48000.0,inactive
MB349,O=C(C1=CC=C(NC2=CC=NC3=CC(Cl)=CC=C23)C=C1)/C=C/C4=CC=C(OCC=C)C(OC)=C4,75000.0,inactive
MB350,O=C(C1=CC=C(N(CC=C)C2=CC=NC3=CC(Cl)=CC=C23)C=C1)/C=C/C4=CC=C(OCC=C)C(OC)=C4,3500.0,intermediate
MB352,O=C1C=CC2=C(O1)C=C(OCC3=CN(C4=CC=CC(C(/C=C/C5=CC=CC(OC)=C5OC)=O)=C4)N=N3)C=C2,13010.0,inactive
MB354,O=C1C=CC2=C(O1)C=C(OCC3=CN(C4=CC=CC(C(/C=C/C5=CC=C(OC)C(OC)=C5OC)=O)=C4)N=N3)C=C2,24150.0,inactive
MB358,O=C1C=C(OCC2=CN(C3=CC=CC(C(/C=C/C4=CC=CC(OC)=C4OC)=O)=C3)N=N2)C5=C(O1)C=CC=C5,9280.0,intermediate
MB359,O=C1C=C(OCC2=CN(C3=CC=CC(C(/C=C/C4=CC=C(OC)C(OC)=C4OC)=O)=C3)N=N2)C5=C(O1)C=CC=C5,13840.0,inactive
MB360,O=C1C=C(OCC2=CN(C3=CC=C(C(/C=C/C4=CC=C(OC)C(OC)=C4OC)=O)C=C3)N=N2)C5=C(O1)C=CC=C5,2960.0,intermediate
MB362,O=C(C1=CC(C/C=C(C)\C)=C(OC)C=C1O)/C=C/C2=CC=C(C)C=C2,91690.0,inactive
MB363,O=C(C1=CC(C/C=C(C)\C)=C(OC)C=C1O)/C=C/C2=CC=C(Br)C=C2,92320.0,inactive
MB364,O=C(C1=CC(C/C=C(C)\C)=C(OC)C=C1O)/C=C/C2=CC=C(OC)C(OC)=C2,2820.0,intermediate
MB365,O=C(C1=CC(C/C=C(C)\C)=C(OC)C=C1O)/C=C/C2=CC=C(C3=CC=C(F)C=C3)C=C2,72240.0,inactive
MB368,O=C(C1=CC=C(Cl)C=C1)/C=C/C2=CC=C(O)C=C2,9430.0,intermediate
MB369,O=C(/C=C/C1=CC=C(OCC#C[H])C(OC)=C1)C2=CC=C(OC)C=C2,13500.0,inactive
MB370,O=C(/C=C/C1=CC=C(OCC#C[H])C(OC)=C1)C2=CC=C(OC)C=C2OC,4300.0,intermediate
MB371,O=C(/C=C/C1=CC=C(OCC#C[H])C(OC)=C1)C2=CC=C(OC)C(OC)=C2OC,2800.0,intermediate
MB372,O=C(/C=C/C1=CC=C(OC)C=C1OC)C2=CC=C(OCC#C[H])C(OC)=C2,14500.0,inactive
MB373,O=C(/C=C/C1=CC=C(OC)C(OC)=C1OC)C2=CC=C(OCC#C[H])C(OC)=C2,2400.0,intermediate
MB374,O=C(/C=C/C1=CC=C(Cl)C=C1Cl)C2=CC=C(OCC#C[H])C(OC)=C2,2800.0,intermediate
MB375,O=C(/C=C/C1=CC=C(F)C=C1)C2=CC=C(OCC#C[H])C(OC)=C2,7700.0,intermediate
MB376,O=C(/C=C/C1=CC=C(F)C=C1F)C2=CC=C(OCC#C[H])C(OC)=C2,5200.0,intermediate
MB377,O=C1NC(C(C)=CN1C2OC(CO)C(N3N=NC(COC4=CC=C(/C=C/C(C5=CC=C(OC)C=C5)=O)C=C4OC)=C3)C2)=O,6100.0,intermediate
MB378,O=C1NC(C(C)=CN1C2OC(CO)C(N3N=NC(COC4=CC=C(/C=C/C(C5=CC=C(OC)C=C5OC)=O)C=C4OC)=C3)C2)=O,4400.0,intermediate
MB379,O=C1NC(C(C)=CN1C2OC(CO)C(N3N=NC(COC4=CC=C(/C=C/C(C5=CC=C(OC)C(OC)=C5OC)=O)C=C4OC)=C3)C2)=O,3700.0,intermediate
MB380,O=C(C1=CC=C(OC)C=C1)/C=C/C2=CC=C(OCC3=CN(C4=CC=NC5=CC(Cl)=CC=C45)N=N3)C(OC)=C2,2200.0,intermediate
MB381,O=C(C1=CC=C(OC)C=C1OC)/C=C/C2=CC=C(OCC3=CN(C4=CC=NC5=CC(Cl)=CC=C45)N=N3)C(OC)=C2,70.0,active
MB382,O=C(C1=CC=C(OC)C(OC)=C1OC)/C=C/C2=CC=C(OCC3=CN(C4=CC=NC5=CC(Cl)=CC=C45)N=N3)C(OC)=C2,400.0,active
MB383,O=C1NC(C(C)=CN1C2OC(CO)C(N3N=NC(COC4=CC=C(C(/C=C/C5=CC=C(OC)C=C5OC)=O)C=C4OC)=C3)C2)=O,11800.0,inactive
MB384,O=C1NC(C(C)=CN1C2OC(CO)C(N3N=NC(COC4=CC=C(C(/C=C/C5=CC=C(OC)C(OC)=C5OC)=O)C=C4OC)=C3)C2)=O,3800.0,intermediate
MB385,O=C1NC(C(C)=CN1C2OC(CO)C(N3N=NC(COC4=CC=C(C(/C=C/C5=CC=C(Cl)C=C5Cl)=O)C=C4OC)=C3)C2)=O,1900.0,intermediate
MB386,O=C1NC(C(C)=CN1C2OC(CO)C(N3N=NC(COC4=CC=C(C(/C=C/C5=CC=C(F)C=C5)=O)C=C4OC)=C3)C2)=O,6100.0,intermediate
MB387,O=C1NC(C(C)=CN1C2OC(CO)C(N3N=NC(COC4=CC=C(C(/C=C/C5=CC=C(F)C=C5F)=O)C=C4OC)=C3)C2)=O,4800.0,intermediate
MB388,O=C(C1=CC=C(OCC2=CN(C3=CC=NC4=CC(Cl)=CC=C34)N=N2)C(OC)=C1)/C=C/C5=CC=C(OC)C=C5OC,11700.0,inactive
MB389,O=C(C1=CC=C(OCC2=CN(C3=CC=NC4=CC(Cl)=CC=C34)N=N2)C(OC)=C1)/C=C/C5=CC=C(OC)C(OC)=C5OC,300.0,active
MB390,O=C(C1=CC=C(OCC2=CN(C3=CC=NC4=CC(Cl)=CC=C34)N=N2)C(OC)=C1)/C=C/C5=CC=C(Cl)C=C5Cl,1900.0,intermediate
MB391,O=C(C1=CC=C(OCC2=CN(C3=CC=NC4=CC(Cl)=CC=C34)N=N2)C(OC)=C1)/C=C/C5=CC=C(F)C=C5,1600.0,intermediate
MB392,FC1=CC=C(C(/C=C/C2=CC=C(OCC3=CN(C4=CC=NC5=CC(Cl)=CC=C45)N=N3)C(OC)=C2)=O)C(F)=C1,2100.0,intermediate
